{"type":"FeatureCollection","features":[{"type":"Feature","id":"045","properties":{"nombre":"General Pueyrred\u00f3n"},"geometry":{"type":"MultiPolygon","coordinates":[[[[-57.54,-38.06],[-57.53,-38.05],[-57.54,-38.04],[-57.53,-38.04],[-57.53,-38.02],[-57.53,-38.01],[-57.53,-38.01],[-57.54,-38.0],[-57.54,-37.99],[-57.54,-37.99],[-57.54,-37.99],[-57.54,-37.99],[-57.54,-37.98],[-57.54,-37.97],[-57.54,-37.96],[-57.53,-37.95],[-57.53,-37.95],[-57.53,-37.95],[-57.53,-37.94],[-57.53,-37.94],[-57.53,-37.93],[-57.53,-37.92],[-57.53,-37.91],[-57.58,-37.84],[-57.69,-37.75],[-57.68,-37.75],[-57.67,-37.75],[-57.97,-37.89],[-57.83,-38.05],[-57.84,-38.05],[-57.85,-38.06],[-57.84,-38.06],[-57.84,-38.07],[-57.84,-38.08],[-57.83,-38.08],[-57.83,-38.08],[-57.82,-38.08],[-57.82,-38.08],[-57.82,-38.09],[-57.82,-38.09],[-57.81,-38.1],[-57.82,-38.1],[-57.82,-38.11],[-57.82,-38.11],[-57.82,-38.12],[-57.82,-38.12],[-57.82,-38.13],[-57.81,-38.13],[-57.81,-38.14],[-57.81,-38.15],[-57.8,-38.18],[-57.79,-38.19],[-57.79,-38.2],[-57.78,-38.21],[-57.78,-38.23],[-57.78,-38.24],[-57.75,-38.23],[-57.69,-38.21],[-57.64,-38.17],[-57.6,-38.12],[-57.54,-38.08],[-57.54,-38.06]]]]}},{"type":"Feature","id":"055","properties":{"nombre":"La Plata"},"geometry":{"type":"MultiPolygon","coordinates":[[[[-58.14,-34.99],[-58.12,-35.0],[-58.18,-35.06],[-58.16,-35.07],[-58.15,-35.08],[-58.14,-35.08],[-58.1,-35.1],[-58.09,-35.11],[-58.05,-35.14],[-58.04,-35.14],[-58.02,-35.17],[-58.04,-35.22],[-58.0,-35.19],[-57.98,-35.16],[-57.97,-35.16],[-57.95,-35.15],[-57.88,-35.08],[-57.83,-35.04],[-57.79,-35.0],[-57.75,-34.97],[-57.75,-34.97],[-57.77,-34.96],[-57.77,-34.96],[-57.79,-34.96],[-57.8,-34.96],[-57.82,-34.96],[-57.83,-34.95],[-57.86,-34.94],[-57.87,-34.94],[-57.89,-34.93],[-57.9,-34.93],[-57.91,-34.92],[-57.93,-34.91],[-57.93,-34.91],[-57.95,-34.89],[-57.96,-34.88],[-57.96,-34.88],[-57.97,-34.87],[-57.98,-34.87],[-57.99,-34.88],[-57.99,-34.88],[-58.0,-34.87],[-58.03,-34.86],[-58.06,-34.85],[-58.07,-34.84],[-58.08,-34.84],[-58.09,-34.84],[-58.09,-34.84],[-58.1,-34.85],[-58.12,-34.86],[-58.13,-34.87],[-58.14,-34.88],[-58.15,-34.89],[-58.15,-34.89],[-58.16,-34.9],[-58.17,-34.91],[-58.18,-34.91],[-58.21,-34.94],[-58.25,-34.98],[-58.29,-35.02],[-58.16,-34.97],[-58.14,-34.99]]],[[[-58.25,-34.17],[-58.25,-34.18],[-58.25,-34.18],[-58.25,-34.17],[-58.24,-34.17],[-58.24,-34.18],[-58.24,-34.18],[-58.24,-34.18],[-58.24,-34.18],[-58.24,-34.18],[-58.24,-34.18],[-58.24,-34.18],[-58.24,-34.18],[-58.25,-34.18],[-58.24,-34.18],[-58.24,-34.18],[-58.24,-34.18],[-58.24,-34.18],[-58.24,-34.18],[-58.24,-34.18],[-58.24,-34.18],[-58.24,-34.19],[-58.24,-34.19],[-58.24,-34.19],[-58.24,-34.19],[-58.24,-34.19],[-58.24,-34.19],[-58.25,-34.19],[-58.25,-34.19],[-58.25,-34.19],[-58.25,-34.19],[-58.25,-34.19],[-58.25,-34.19],[-58.25,-34.19],[-58.25,-34.19],[-58.25,-34.19],[-58.25,-34.19],[-58.25,-34.19],[-58.25,-34.19],[-58.25,-34.19],[-58.26,-34.19],[-58.26,-34.19],[-58.26,-34.19],[-58.26,-34.19],[-58.26,-34.19],[-58.26,-34.19],[-58.26,-34.19],[-58.26,-34.18],[-58.26,-34.18],[-58.26,-34.18],[-58.26,-34.18],[-58.26,-34.18],[-58.26,-34.18],[-58.26,-34.18],[-58.26,-34.18],[-58.26,-34.18],[-58.25,-34.18],[-58.25,-34.18],[-58.26,-34.18],[-58.25,-34.18],[-58.25,-34.18],[-58.25,-34.17]]]]}},{"type":"Feature","id":"070","properties":{"nombre":"La Matanza"},"geometry":{"type":"MultiPolygon","coordinates":[[[[-58.58,-34.65],[-58.64,-34.7],[-58.67,-34.73],[-58.73,-34.76],[-58.71,-34.81],[-58.73,-34.82],[-58.75,-34.83],[-58.76,-34.84],[-58.69,-34.91],[-58.68,-34.91],[-58.68,-34.91],[-58.67,-34.9],[-58.67,-34.9],[-58.67,-34.9],[-58.66,-34.9],[-58.65,-34.89],[-58.65,-34.88],[-58.65,-34.88],[-58.65,-34.88],[-58.65,-34.88],[-58.64,-34.88],[-58.64,-34.88],[-58.64,-34.88],[-58.64,-34.87],[-58.64,-34.87],[-58.64,-34.87],[-58.64,-34.87],[-58.64,-34.87],[-58.64,-34.87],[-58.64,-34.87],[-58.64,-34.86],[-58.63,-34.85],[-58.62,-34.84],[-58.62,-34.83],[-58.62,-34.82],[-58.61,-34.81],[-58.6,-34.81],[-58.6,-34.81],[-58.6,-34.8],[-58.59,-34.8],[-58.59,-34.79],[-58.58,-34.78],[-58.57,-34.77],[-58.57,-34.77],[-58.57,-34.77],[-58.57,-34.76],[-58.56,-34.76],[-58.55,-34.75],[-58.55,-34.76],[-58.54,-34.76],[-58.54,-34.75],[-58.53,-34.75],[-58.52,-34.74],[-58.51,-34.74],[-58.51,-34.73],[-58.5,-34.72],[-58.49,-34.73],[-58.49,-34.73],[-58.48,-34.72],[-58.49,-34.68],[-58.57,-34.64],[-58.58,-34.65]]]]}},{"type":"Feature","id":"030","properties":{"nombre":"Esteban Echeverr\u00eda"},"geometry":{"type":"MultiPolygon","coordinates":[[[[-58.51,-34.73],[-58.51,-34.73],[-58.51,-34.73],[-58.51,-34.73],[-58.51,-34.73],[-58.51,-34.74],[-58.51,-34.74],[-58.51,-34.74],[-58.51,-34.74],[-58.51,-34.74],[-58.51,-34.74],[-58.51,-34.74],[-58.51,-34.74],[-58.52,-34.74],[-58.52,-34.75],[-58.52,-34.78],[-58.52,-34.78],[-58.52,-34.78],[-58.52,-34.79],[-58.52,-34.79],[-58.52,-34.79],[-58.51,-34.81],[-58.51,-34.81],[-58.51,-34.81],[-58.51,-34.81],[-58.51,-34.81],[-58.51,-34.81],[-58.51,-34.81],[-58.51,-34.81],[-58.51,-34.81],[-58.51,-34.81],[-58.51,-34.81],[-58.51,-34.81],[-58.51,-34.81],[-58.51,-34.81],[-58.51,-34.81],[-58.51,-34.81],[-58.51,-34.81],[-58.51,-34.81],[-58.51,-34.82],[-58.51,-34.82],[-58.51,-34.82],[-58.51,-34.82],[-58.51,-34.82],[-58.51,-34.82],[-58.51,-34.82],[-58.51,-34.82],[-58.51,-34.82],[-58.51,-34.83],[-58.51,-34.83],[-58.51,-34.84],[-58.5,-34.85],[-58.5,-34.87],[-58.5,-34.88],[-58.51,-34.9],[-58.5,-34.92],[-58.46,-34.91],[-58.44,-34.89],[-58.42,-34.87],[-58.43,-34.82],[-58.47,-34.77],[-58.48,-34.75],[-58.49,-34.74],[-58.5,-34.72],[-58.5,-34.72],[-58.5,-34.72],[-58.5,-34.72],[-58.5,-34.72],[-58.5,-34.72],[-58.51,-34.72],[-58.51,-34.73],[-58.51,-34.73],[-58.51,-34.73],[-58.51,-34.73],[-58.51,-34.73]]]]}},{"type":"Feature","id":"074","properties":{"nombre":"Moreno"},"geometry":{"type":"MultiPolygon","coordinates":[[[[-58.78,-34.56],[-58.73,-34.6],[-58.72,-34.6],[-58.72,-34.6],[-58.72,-34.6],[-58.72,-34.61],[-58.72,-34.63],[-58.73,-34.64],[-58.74,-34.65],[-58.75,-34.66],[-58.77,-34.66],[-58.78,-34.67],[-58.78,-34.67],[-58.78,-34.67],[-58.79,-34.67],[-58.79,-34.67],[-58.79,-34.67],[-58.79,-34.67],[-58.79,-34.67],[-58.79,-34.67],[-58.79,-34.67],[-58.79,-34.67],[-58.79,-34.67],[-58.79,-34.67],[-58.79,-34.67],[-58.8,-34.67],[-58.8,-34.67],[-58.8,-34.67],[-58.8,-34.67],[-58.8,-34.67],[-58.8,-34.67],[-58.8,-34.67],[-58.8,-34.67],[-58.8,-34.68],[-58.8,-34.68],[-58.8,-34.68],[-58.8,-34.68],[-58.8,-34.68],[-58.81,-34.68],[-58.81,-34.68],[-58.81,-34.68],[-58.81,-34.68],[-58.81,-34.68],[-58.82,-34.69],[-58.83,-34.69],[-58.85,-34.68],[-58.88,-34.67],[-58.88,-34.66],[-58.88,-34.65],[-58.88,-34.65],[-58.88,-34.63],[-58.87,-34.57],[-58.84,-34.54],[-58.84,-34.54],[-58.84,-34.54],[-58.84,-34.54],[-58.84,-34.53],[-58.83,-34.52],[-58.83,-34.52],[-58.83,-34.52],[-58.83,-34.51],[-58.82,-34.51],[-58.78,-34.56]]]]}},{"type":"Feature","id":"003","properties":{"nombre":"Almirante Brown"},"geometry":{"type":"MultiPolygon","coordinates":[[[[-58.32,-34.77],[-58.32,-34.78],[-58.32,-34.78],[-58.32,-34.78],[-58.31,-34.79],[-58.31,-34.79],[-58.31,-34.8],[-58.32,-34.8],[-58.33,-34.8],[-58.33,-34.8],[-58.33,-34.81],[-58.33,-34.81],[-58.32,-34.82],[-58.32,-34.82],[-58.31,-34.83],[-58.3,-34.84],[-58.3,-34.85],[-58.29,-34.85],[-58.3,-34.86],[-58.32,-34.87],[-58.31,-34.87],[-58.32,-34.88],[-58.34,-34.89],[-58.35,-34.89],[-58.36,-34.89],[-58.36,-34.89],[-58.36,-34.89],[-58.37,-34.9],[-58.38,-34.9],[-58.38,-34.9],[-58.39,-34.91],[-58.39,-34.91],[-58.4,-34.91],[-58.41,-34.89],[-58.42,-34.88],[-58.41,-34.88],[-58.41,-34.87],[-58.42,-34.87],[-58.43,-34.85],[-58.44,-34.84],[-58.45,-34.83],[-58.44,-34.82],[-58.42,-34.81],[-58.42,-34.81],[-58.41,-34.8],[-58.41,-34.8],[-58.41,-34.8],[-58.41,-34.8],[-58.41,-34.8],[-58.41,-34.8],[-58.41,-34.8],[-58.39,-34.79],[-58.39,-34.79],[-58.38,-34.78],[-58.37,-34.78],[-58.36,-34.77],[-58.36,-34.77],[-58.36,-34.77],[-58.35,-34.76],[-58.35,-34.76],[-58.35,-34.76],[-58.34,-34.75],[-58.33,-34.76],[-58.33,-34.76],[-58.33,-34.77],[-58.32,-34.77]]]]}},{"type":"Feature","id":"118","properties":{"nombre":"Escobar"},"geometry":{"type":"MultiPolygon","coordinates":[[[[-58.79,-34.23],[-58.8,-34.24],[-58.8,-34.24],[-58.79,-34.25],[-58.79,-34.26],[-58.78,-34.27],[-58.78,-34.27],[-58.78,-34.28],[-58.79,-34.28],[-58.8,-34.28],[-58.81,-34.28],[-58.82,-34.28],[-58.82,-34.27],[-58.83,-34.27],[-58.83,-34.27],[-58.84,-34.27],[-58.84,-34.27],[-58.85,-34.27],[-58.86,-34.26],[-58.86,-34.26],[-58.86,-34.27],[-58.86,-34.27],[-58.87,-34.28],[-58.87,-34.27],[-58.87,-34.28],[-58.88,-34.28],[-58.88,-34.28],[-58.88,-34.28],[-58.88,-34.28],[-58.88,-34.28],[-58.88,-34.29],[-58.88,-34.29],[-58.88,-34.29],[-58.88,-34.29],[-58.88,-34.29],[-58.88,-34.29],[-58.88,-34.3],[-58.89,-34.3],[-58.89,-34.3],[-58.89,-34.3],[-58.89,-34.3],[-58.89,-34.3],[-58.89,-34.31],[-58.9,-34.31],[-58.9,-34.31],[-58.84,-34.39],[-58.81,-34.41],[-58.81,-34.41],[-58.81,-34.41],[-58.81,-34.41],[-58.81,-34.41],[-58.8,-34.41],[-58.79,-34.41],[-58.79,-34.4],[-58.79,-34.4],[-58.73,-34.46],[-58.72,-34.42],[-58.72,-34.39],[-58.7,-34.35],[-58.68,-34.33],[-58.66,-34.3],[-58.65,-34.27],[-58.79,-34.23]]]]}},{"type":"Feature","id":"133","properties":{"nombre":"Malvinas Argentinas"},"geometry":{"type":"MultiPolygon","coordinates":[[[[-58.75,-34.47],[-58.76,-34.46],[-58.76,-34.46],[-58.76,-34.47],[-58.76,-34.47],[-58.77,-34.46],[-58.77,-34.47],[-58.77,-34.47],[-58.77,-34.47],[-58.78,-34.47],[-58.78,-34.47],[-58.78,-34.47],[-58.78,-34.48],[-58.78,-34.48],[-58.78,-34.48],[-58.78,-34.48],[-58.78,-34.48],[-58.77,-34.49],[-58.77,-34.49],[-58.77,-34.49],[-58.77,-34.49],[-58.77,-34.49],[-58.77,-34.49],[-58.77,-34.49],[-58.76,-34.5],[-58.75,-34.5],[-58.75,-34.5],[-58.74,-34.5],[-58.74,-34.51],[-58.73,-34.51],[-58.73,-34.51],[-58.73,-34.51],[-58.73,-34.51],[-58.72,-34.52],[-58.72,-34.52],[-58.7,-34.53],[-58.69,-34.53],[-58.69,-34.53],[-58.69,-34.53],[-58.67,-34.51],[-58.65,-34.5],[-58.65,-34.5],[-58.65,-34.5],[-58.65,-34.5],[-58.65,-34.5],[-58.66,-34.49],[-58.66,-34.49],[-58.67,-34.49],[-58.67,-34.48],[-58.67,-34.48],[-58.67,-34.48],[-58.68,-34.47],[-58.68,-34.47],[-58.68,-34.47],[-58.68,-34.47],[-58.68,-34.47],[-58.68,-34.47],[-58.68,-34.47],[-58.69,-34.45],[-58.7,-34.45],[-58.7,-34.45],[-58.7,-34.45],[-58.7,-34.45],[-58.71,-34.44],[-58.71,-34.44],[-58.72,-34.45],[-58.72,-34.45],[-58.73,-34.45],[-58.73,-34.45],[-58.74,-34.46],[-58.74,-34.46],[-58.74,-34.46],[-58.74,-34.46],[-58.74,-34.46],[-58.75,-34.47],[-58.75,-34.47]]]]}},{"type":"Feature","id":"086","properties":{"nombre":"Quilmes"},"geometry":{"type":"MultiPolygon","coordinates":[[[[-58.28,-34.68],[-58.28,-34.68],[-58.29,-34.69],[-58.3,-34.69],[-58.3,-34.7],[-58.3,-34.7],[-58.3,-34.7],[-58.31,-34.7],[-58.31,-34.7],[-58.31,-34.71],[-58.31,-34.71],[-58.31,-34.71],[-58.31,-34.71],[-58.31,-34.71],[-58.31,-34.71],[-58.31,-34.71],[-58.31,-34.71],[-58.31,-34.71],[-58.31,-34.71],[-58.31,-34.71],[-58.31,-34.71],[-58.31,-34.71],[-58.31,-34.71],[-58.32,-34.71],[-58.32,-34.71],[-58.32,-34.71],[-58.32,-34.71],[-58.32,-34.71],[-58.32,-34.71],[-58.32,-34.71],[-58.32,-34.71],[-58.32,-34.71],[-58.32,-34.71],[-58.32,-34.72],[-58.34,-34.74],[-58.34,-34.74],[-58.34,-34.74],[-58.34,-34.74],[-58.34,-34.74],[-58.34,-34.74],[-58.34,-34.75],[-58.34,-34.75],[-58.34,-34.75],[-58.33,-34.76],[-58.33,-34.76],[-58.32,-34.77],[-58.32,-34.78],[-58.32,-34.78],[-58.31,-34.79],[-58.3,-34.8],[-58.3,-34.79],[-58.3,-34.79],[-58.3,-34.79],[-58.3,-34.79],[-58.29,-34.78],[-58.27,-34.77],[-58.26,-34.77],[-58.25,-34.76],[-58.24,-34.76],[-58.22,-34.75],[-58.2,-34.74],[-58.2,-34.73],[-58.2,-34.72],[-58.21,-34.71],[-58.22,-34.71],[-58.24,-34.7],[-58.27,-34.68],[-58.27,-34.68],[-58.27,-34.68],[-58.28,-34.68]]]]}},{"type":"Feature","id":"082","properties":{"nombre":"Pergamino"},"geometry":{"type":"MultiPolygon","coordinates":[[[[-60.82,-33.54],[-60.83,-33.54],[-60.84,-33.55],[-60.86,-33.55],[-60.88,-33.56],[-60.9,-33.57],[-60.87,-33.62],[-60.83,-33.69],[-60.89,-33.81],[-60.89,-33.89],[-60.82,-33.94],[-60.7,-34.05],[-60.68,-34.06],[-60.67,-34.08],[-60.65,-34.09],[-60.63,-34.11],[-60.61,-34.11],[-60.6,-34.12],[-60.58,-34.12],[-60.56,-34.13],[-60.53,-34.14],[-60.5,-34.16],[-60.5,-34.18],[-60.3,-34.0],[-60.29,-34.0],[-60.27,-34.01],[-60.26,-34.01],[-60.24,-34.01],[-60.23,-33.96],[-60.15,-33.73],[-60.24,-33.66],[-60.31,-33.65],[-60.32,-33.67],[-60.33,-33.68],[-60.37,-33.65],[-60.46,-33.61],[-60.46,-33.62],[-60.46,-33.63],[-60.47,-33.64],[-60.48,-33.64],[-60.5,-33.65],[-60.52,-33.65],[-60.53,-33.65],[-60.55,-33.65],[-60.57,-33.64],[-60.58,-33.64],[-60.59,-33.63],[-60.6,-33.63],[-60.62,-33.63],[-60.63,-33.62],[-60.65,-33.61],[-60.66,-33.59],[-60.69,-33.59],[-60.73,-33.59],[-60.75,-33.59],[-60.77,-33.58],[-60.78,-33.58],[-60.79,-33.57],[-60.8,-33.56],[-60.81,-33.56],[-60.81,-33.55],[-60.82,-33.54]]]]}},{"type":"Feature","id":"063","properties":{"nombre":"Lomas de Zamora"},"geometry":{"type":"MultiPolygon","coordinates":[[[[-58.45,-34.69],[-58.43,-34.71],[-58.43,-34.71],[-58.42,-34.72],[-58.42,-34.72],[-58.42,-34.72],[-58.41,-34.73],[-58.41,-34.73],[-58.41,-34.73],[-58.41,-34.73],[-58.4,-34.74],[-58.39,-34.74],[-58.39,-34.74],[-58.39,-34.74],[-58.38,-34.74],[-58.37,-34.74],[-58.37,-34.74],[-58.37,-34.74],[-58.37,-34.75],[-58.36,-34.74],[-58.36,-34.74],[-58.36,-34.74],[-58.35,-34.74],[-58.35,-34.74],[-58.35,-34.74],[-58.34,-34.74],[-58.34,-34.75],[-58.34,-34.75],[-58.34,-34.75],[-58.35,-34.76],[-58.36,-34.77],[-58.36,-34.77],[-58.38,-34.78],[-58.39,-34.79],[-58.4,-34.79],[-58.41,-34.8],[-58.41,-34.8],[-58.41,-34.8],[-58.4,-34.8],[-58.43,-34.81],[-58.43,-34.82],[-58.44,-34.81],[-58.44,-34.81],[-58.44,-34.81],[-58.44,-34.8],[-58.44,-34.8],[-58.45,-34.8],[-58.45,-34.79],[-58.46,-34.78],[-58.46,-34.78],[-58.46,-34.78],[-58.46,-34.78],[-58.46,-34.77],[-58.47,-34.77],[-58.47,-34.76],[-58.47,-34.76],[-58.48,-34.76],[-58.48,-34.75],[-58.49,-34.74],[-58.49,-34.73],[-58.5,-34.72],[-58.5,-34.72],[-58.5,-34.72],[-58.5,-34.72],[-58.49,-34.73],[-58.49,-34.73],[-58.49,-34.73],[-58.49,-34.73],[-58.48,-34.73],[-58.48,-34.73],[-58.48,-34.73],[-58.48,-34.73],[-58.48,-34.72],[-58.48,-34.72],[-58.47,-34.72],[-58.47,-34.71],[-58.46,-34.71],[-58.46,-34.71],[-58.45,-34.69],[-58.45,-34.69],[-58.45,-34.69]]]]}},{"type":"Feature","id":"136","properties":{"nombre":"Ituzaing\u00f3"},"geometry":{"type":"MultiPolygon","coordinates":[[[[-58.72,-34.63],[-58.72,-34.63],[-58.72,-34.63],[-58.72,-34.63],[-58.72,-34.62],[-58.72,-34.62],[-58.72,-34.62],[-58.72,-34.62],[-58.72,-34.62],[-58.72,-34.62],[-58.72,-34.62],[-58.72,-34.62],[-58.72,-34.62],[-58.72,-34.61],[-58.72,-34.61],[-58.72,-34.61],[-58.72,-34.61],[-58.72,-34.61],[-58.72,-34.61],[-58.72,-34.61],[-58.72,-34.61],[-58.72,-34.61],[-58.72,-34.61],[-58.72,-34.61],[-58.71,-34.61],[-58.71,-34.61],[-58.71,-34.6],[-58.71,-34.6],[-58.71,-34.6],[-58.71,-34.6],[-58.71,-34.6],[-58.71,-34.6],[-58.71,-34.6],[-58.71,-34.6],[-58.7,-34.6],[-58.7,-34.6],[-58.7,-34.6],[-58.7,-34.6],[-58.7,-34.6],[-58.7,-34.6],[-58.7,-34.59],[-58.69,-34.59],[-58.69,-34.6],[-58.68,-34.61],[-58.67,-34.62],[-58.65,-34.63],[-58.65,-34.63],[-58.65,-34.63],[-58.66,-34.64],[-58.66,-34.65],[-58.66,-34.66],[-58.66,-34.68],[-58.67,-34.69],[-58.68,-34.67],[-58.69,-34.67],[-58.7,-34.66],[-58.72,-34.65],[-58.73,-34.64],[-58.73,-34.63],[-58.73,-34.63],[-58.73,-34.63],[-58.73,-34.63],[-58.72,-34.63],[-58.72,-34.63]]]]}},{"type":"Feature","id":"101","properties":{"nombre":"Mor\u00f3n"},"geometry":{"type":"MultiPolygon","coordinates":[[[[-58.62,-34.59],[-58.62,-34.59],[-58.61,-34.59],[-58.6,-34.6],[-58.59,-34.61],[-58.59,-34.61],[-58.59,-34.61],[-58.58,-34.61],[-58.58,-34.62],[-58.58,-34.62],[-58.57,-34.63],[-58.57,-34.63],[-58.56,-34.63],[-58.56,-34.63],[-58.56,-34.63],[-58.56,-34.64],[-58.56,-34.64],[-58.56,-34.64],[-58.56,-34.64],[-58.56,-34.64],[-58.57,-34.64],[-58.57,-34.64],[-58.57,-34.64],[-58.57,-34.64],[-58.58,-34.64],[-58.58,-34.64],[-58.58,-34.65],[-58.58,-34.65],[-58.58,-34.65],[-58.59,-34.65],[-58.59,-34.66],[-58.6,-34.66],[-58.6,-34.67],[-58.61,-34.67],[-58.61,-34.68],[-58.62,-34.68],[-58.62,-34.68],[-58.62,-34.69],[-58.62,-34.69],[-58.63,-34.69],[-58.63,-34.7],[-58.64,-34.7],[-58.64,-34.7],[-58.64,-34.7],[-58.65,-34.7],[-58.65,-34.7],[-58.66,-34.7],[-58.66,-34.69],[-58.66,-34.69],[-58.66,-34.69],[-58.67,-34.69],[-58.67,-34.68],[-58.66,-34.67],[-58.66,-34.66],[-58.66,-34.66],[-58.66,-34.65],[-58.66,-34.64],[-58.65,-34.63],[-58.65,-34.63],[-58.65,-34.63],[-58.65,-34.63],[-58.65,-34.63],[-58.64,-34.63],[-58.63,-34.63],[-58.62,-34.63],[-58.62,-34.63],[-58.62,-34.63],[-58.62,-34.63],[-58.62,-34.63],[-58.62,-34.63],[-58.62,-34.63],[-58.62,-34.63],[-58.62,-34.63],[-58.62,-34.63],[-58.62,-34.63],[-58.62,-34.62],[-58.62,-34.62],[-58.62,-34.62],[-58.62,-34.62],[-58.62,-34.62],[-58.62,-34.62],[-58.62,-34.62],[-58.62,-34.61],[-58.62,-34.61],[-58.62,-34.61],[-58.62,-34.61],[-58.62,-34.61],[-58.62,-34.61],[-58.62,-34.61],[-58.62,-34.6],[-58.62,-34.6],[-58.62,-34.6],[-58.62,-34.6],[-58.62,-34.6],[-58.62,-34.6],[-58.62,-34.6],[-58.62,-34.6],[-58.62,-34.6],[-58.62,-34.6],[-58.62,-34.59],[-58.62,-34.59],[-58.62,-34.59],[-58.62,-34.59],[-58.62,-34.59],[-58.62,-34.59]]]]}},{"type":"Feature","id":"006","properties":{"nombre":"Azul"},"geometry":{"type":"MultiPolygon","coordinates":[[[[-60.04,-36.93],[-60.01,-36.83],[-60.15,-36.71],[-60.14,-36.68],[-59.94,-36.6],[-59.91,-36.45],[-59.71,-36.3],[-59.57,-36.3],[-59.42,-36.28],[-59.23,-36.42],[-59.2,-36.59],[-59.22,-36.58],[-59.22,-36.6],[-59.23,-36.61],[-59.23,-36.62],[-59.24,-36.63],[-59.24,-36.64],[-59.25,-36.65],[-59.26,-36.68],[-59.27,-36.72],[-59.28,-36.74],[-59.29,-36.77],[-59.31,-36.79],[-59.34,-36.81],[-59.35,-36.83],[-59.36,-36.84],[-59.36,-36.86],[-59.36,-36.88],[-59.36,-36.89],[-59.37,-36.91],[-59.38,-36.92],[-59.38,-36.94],[-59.39,-36.96],[-59.4,-36.97],[-59.41,-36.98],[-59.42,-36.99],[-59.44,-37.01],[-59.45,-37.03],[-59.47,-37.04],[-59.49,-37.05],[-59.53,-37.08],[-59.56,-37.1],[-59.59,-37.13],[-59.62,-37.15],[-59.64,-37.17],[-59.66,-37.18],[-59.67,-37.19],[-59.68,-37.2],[-59.69,-37.21],[-59.71,-37.22],[-59.72,-37.23],[-59.74,-37.23],[-59.75,-37.23],[-59.78,-37.24],[-59.81,-37.26],[-59.82,-37.29],[-59.91,-37.41],[-60.11,-37.25],[-60.15,-37.12],[-60.14,-37.08],[-60.11,-36.98],[-60.04,-36.93]]]]}},{"type":"Feature","id":"047","properties":{"nombre":"General San Mart\u00edn"},"geometry":{"type":"MultiPolygon","coordinates":[[[[-58.6,-34.49],[-58.6,-34.49],[-58.59,-34.5],[-58.57,-34.52],[-58.55,-34.53],[-58.54,-34.54],[-58.53,-34.54],[-58.53,-34.54],[-58.52,-34.55],[-58.52,-34.56],[-58.51,-34.57],[-58.52,-34.6],[-58.53,-34.6],[-58.53,-34.6],[-58.54,-34.6],[-58.54,-34.6],[-58.54,-34.59],[-58.55,-34.59],[-58.56,-34.59],[-58.56,-34.59],[-58.56,-34.59],[-58.58,-34.58],[-58.58,-34.57],[-58.59,-34.57],[-58.6,-34.56],[-58.6,-34.56],[-58.61,-34.55],[-58.62,-34.55],[-58.62,-34.55],[-58.62,-34.55],[-58.62,-34.55],[-58.62,-34.55],[-58.62,-34.55],[-58.61,-34.54],[-58.61,-34.54],[-58.61,-34.54],[-58.61,-34.54],[-58.61,-34.54],[-58.61,-34.54],[-58.61,-34.54],[-58.61,-34.54],[-58.61,-34.53],[-58.61,-34.53],[-58.61,-34.53],[-58.6,-34.53],[-58.6,-34.53],[-58.6,-34.53],[-58.6,-34.53],[-58.6,-34.52],[-58.6,-34.52],[-58.6,-34.52],[-58.6,-34.52],[-58.6,-34.52],[-58.6,-34.52],[-58.6,-34.51],[-58.6,-34.51],[-58.6,-34.51],[-58.6,-34.51],[-58.6,-34.51],[-58.6,-34.51],[-58.6,-34.51],[-58.6,-34.5],[-58.6,-34.5],[-58.6,-34.5],[-58.6,-34.5],[-58.6,-34.49],[-58.6,-34.49]]]]}},{"type":"Feature","id":"084","properties":{"nombre":"Pilar"},"geometry":{"type":"MultiPolygon","coordinates":[[[[-58.92,-34.4],[-58.92,-34.4],[-58.92,-34.41],[-58.92,-34.42],[-58.94,-34.4],[-58.97,-34.37],[-58.99,-34.36],[-59.0,-34.38],[-59.03,-34.41],[-59.05,-34.43],[-59.04,-34.45],[-59.02,-34.48],[-59.0,-34.49],[-58.97,-34.52],[-58.88,-34.58],[-58.85,-34.55],[-58.84,-34.54],[-58.84,-34.54],[-58.84,-34.54],[-58.84,-34.54],[-58.84,-34.53],[-58.83,-34.53],[-58.83,-34.52],[-58.83,-34.52],[-58.82,-34.51],[-58.82,-34.51],[-58.82,-34.5],[-58.82,-34.5],[-58.82,-34.5],[-58.82,-34.49],[-58.81,-34.49],[-58.81,-34.49],[-58.81,-34.48],[-58.81,-34.48],[-58.81,-34.47],[-58.81,-34.47],[-58.82,-34.46],[-58.82,-34.45],[-58.76,-34.47],[-58.79,-34.4],[-58.8,-34.41],[-58.81,-34.41],[-58.85,-34.37],[-58.9,-34.31],[-58.91,-34.32],[-58.91,-34.32],[-58.92,-34.33],[-58.91,-34.34],[-58.92,-34.34],[-58.92,-34.35],[-58.92,-34.35],[-58.91,-34.36],[-58.91,-34.36],[-58.91,-34.36],[-58.91,-34.37],[-58.92,-34.37],[-58.92,-34.38],[-58.92,-34.38],[-58.92,-34.38],[-58.92,-34.39],[-58.92,-34.39],[-58.92,-34.39],[-58.92,-34.4]]]]}},{"type":"Feature","id":"026","properties":{"nombre":"Chacabuco"},"geometry":{"type":"MultiPolygon","coordinates":[[[[-60.56,-34.41],[-60.66,-34.49],[-60.68,-34.56],[-60.71,-34.58],[-60.75,-34.62],[-60.75,-34.64],[-60.74,-34.65],[-60.73,-34.64],[-60.72,-34.64],[-60.71,-34.65],[-60.69,-34.66],[-60.68,-34.66],[-60.68,-34.67],[-60.68,-34.69],[-60.68,-34.71],[-60.67,-34.7],[-60.66,-34.71],[-60.65,-34.72],[-60.64,-34.73],[-60.63,-34.74],[-60.63,-34.75],[-60.62,-34.76],[-60.61,-34.77],[-60.6,-34.79],[-60.6,-34.79],[-60.59,-34.8],[-60.58,-34.82],[-60.57,-34.82],[-60.56,-34.82],[-60.55,-34.82],[-60.53,-34.82],[-60.53,-34.84],[-60.52,-34.84],[-60.49,-34.84],[-60.48,-34.85],[-60.47,-34.86],[-60.46,-34.86],[-60.41,-34.82],[-60.36,-34.8],[-60.25,-34.82],[-60.2,-34.79],[-60.18,-34.75],[-60.15,-34.7],[-60.06,-34.69],[-60.0,-34.64],[-60.0,-34.65],[-59.99,-34.66],[-59.99,-34.67],[-59.98,-34.68],[-59.98,-34.68],[-59.98,-34.68],[-59.97,-34.69],[-59.97,-34.69],[-59.95,-34.68],[-59.88,-34.62],[-59.92,-34.57],[-59.97,-34.51],[-60.08,-34.5],[-60.18,-34.43],[-60.27,-34.45],[-60.4,-34.48],[-60.5,-34.43],[-60.54,-34.42],[-60.56,-34.41]]]]}},{"type":"Feature","id":"025","properties":{"nombre":"Lan\u00fas"},"geometry":{"type":"MultiPolygon","coordinates":[[[[-58.41,-34.66],[-58.41,-34.66],[-58.41,-34.66],[-58.41,-34.66],[-58.41,-34.66],[-58.41,-34.66],[-58.41,-34.66],[-58.41,-34.66],[-58.41,-34.66],[-58.41,-34.66],[-58.41,-34.66],[-58.41,-34.66],[-58.41,-34.66],[-58.41,-34.66],[-58.4,-34.66],[-58.4,-34.66],[-58.4,-34.66],[-58.4,-34.66],[-58.41,-34.66],[-58.4,-34.67],[-58.39,-34.67],[-58.4,-34.67],[-58.4,-34.67],[-58.4,-34.67],[-58.39,-34.68],[-58.39,-34.68],[-58.39,-34.68],[-58.39,-34.68],[-58.39,-34.68],[-58.39,-34.68],[-58.38,-34.69],[-58.38,-34.69],[-58.38,-34.69],[-58.38,-34.69],[-58.38,-34.69],[-58.38,-34.69],[-58.37,-34.69],[-58.37,-34.7],[-58.37,-34.7],[-58.36,-34.7],[-58.36,-34.7],[-58.36,-34.7],[-58.36,-34.7],[-58.35,-34.71],[-58.35,-34.72],[-58.33,-34.73],[-58.34,-34.73],[-58.34,-34.73],[-58.34,-34.73],[-58.34,-34.73],[-58.34,-34.74],[-58.34,-34.74],[-58.34,-34.74],[-58.35,-34.74],[-58.35,-34.74],[-58.36,-34.74],[-58.37,-34.75],[-58.37,-34.74],[-58.37,-34.74],[-58.38,-34.74],[-58.39,-34.74],[-58.39,-34.74],[-58.39,-34.74],[-58.4,-34.74],[-58.41,-34.73],[-58.41,-34.73],[-58.41,-34.73],[-58.42,-34.73],[-58.42,-34.72],[-58.43,-34.71],[-58.43,-34.71],[-58.44,-34.7],[-58.44,-34.7],[-58.45,-34.69],[-58.44,-34.68],[-58.44,-34.68],[-58.44,-34.68],[-58.44,-34.68],[-58.44,-34.68],[-58.44,-34.68],[-58.44,-34.68],[-58.44,-34.68],[-58.44,-34.68],[-58.44,-34.68],[-58.44,-34.68],[-58.44,-34.68],[-58.44,-34.68],[-58.44,-34.68],[-58.43,-34.67],[-58.43,-34.67],[-58.43,-34.67],[-58.43,-34.67],[-58.43,-34.67],[-58.43,-34.66],[-58.42,-34.66],[-58.42,-34.66],[-58.42,-34.66],[-58.42,-34.66],[-58.42,-34.66],[-58.41,-34.66],[-58.41,-34.66]]]]}},{"type":"Feature","id":"007","properties":{"nombre":"Bah\u00eda Blanca"},"geometry":{"type":"MultiPolygon","coordinates":[[[[-62.14,-38.78],[-62.09,-38.74],[-62.01,-38.71],[-61.85,-38.67],[-61.74,-38.62],[-61.75,-38.62],[-61.75,-38.6],[-61.76,-38.59],[-61.77,-38.59],[-61.77,-38.58],[-61.78,-38.57],[-61.78,-38.57],[-61.78,-38.56],[-61.78,-38.55],[-61.78,-38.54],[-61.79,-38.54],[-61.8,-38.53],[-61.79,-38.52],[-61.79,-38.51],[-61.79,-38.5],[-61.79,-38.5],[-61.79,-38.49],[-61.79,-38.48],[-61.79,-38.47],[-61.79,-38.47],[-61.78,-38.46],[-61.86,-38.45],[-61.93,-38.45],[-61.93,-38.43],[-61.94,-38.42],[-61.94,-38.41],[-62.09,-38.37],[-62.23,-38.41],[-62.35,-38.44],[-62.51,-38.51],[-62.61,-38.6],[-62.6,-38.62],[-62.58,-38.62],[-62.55,-38.63],[-62.53,-38.64],[-62.51,-38.65],[-62.47,-38.66],[-62.47,-38.67],[-62.46,-38.68],[-62.46,-38.69],[-62.46,-38.7],[-62.46,-38.71],[-62.45,-38.73],[-62.45,-38.73],[-62.44,-38.74],[-62.44,-38.75],[-62.41,-38.76],[-62.3,-38.79],[-62.29,-38.78],[-62.29,-38.78],[-62.28,-38.79],[-62.28,-38.79],[-62.27,-38.79],[-62.27,-38.79],[-62.26,-38.8],[-62.25,-38.8],[-62.21,-38.8],[-62.19,-38.82],[-62.14,-38.78]]]]}},{"type":"Feature","id":"033","properties":{"nombre":"General Alvarado"},"geometry":{"type":"MultiPolygon","coordinates":[[[[-57.83,-38.05],[-57.84,-38.05],[-57.85,-38.06],[-57.85,-38.06],[-57.84,-38.07],[-57.84,-38.08],[-57.83,-38.08],[-57.83,-38.08],[-57.83,-38.08],[-57.82,-38.08],[-57.82,-38.09],[-57.82,-38.09],[-57.81,-38.1],[-57.82,-38.1],[-57.82,-38.11],[-57.82,-38.11],[-57.82,-38.12],[-57.82,-38.12],[-57.82,-38.13],[-57.81,-38.14],[-57.81,-38.14],[-57.81,-38.15],[-57.8,-38.18],[-57.79,-38.19],[-57.79,-38.2],[-57.78,-38.21],[-57.78,-38.23],[-57.78,-38.24],[-57.83,-38.28],[-57.89,-38.31],[-57.96,-38.34],[-58.0,-38.36],[-58.03,-38.37],[-58.05,-38.38],[-58.08,-38.39],[-58.11,-38.4],[-58.13,-38.41],[-58.16,-38.42],[-58.19,-38.43],[-58.22,-38.44],[-58.25,-38.44],[-58.26,-38.41],[-58.28,-38.38],[-58.28,-38.34],[-58.28,-38.32],[-58.29,-38.31],[-58.3,-38.3],[-58.31,-38.29],[-58.31,-38.28],[-58.32,-38.27],[-58.33,-38.27],[-58.33,-38.26],[-58.33,-38.24],[-58.33,-38.23],[-58.33,-38.21],[-58.33,-38.2],[-58.34,-38.18],[-58.34,-38.17],[-58.33,-38.13],[-58.34,-38.1],[-58.2,-38.08],[-57.83,-38.05]]]]}},{"type":"Feature","id":"076","properties":{"nombre":"Necochea"},"geometry":{"type":"MultiPolygon","coordinates":[[[[-59.17,-37.93],[-59.14,-37.97],[-59.12,-38.0],[-59.1,-38.02],[-59.07,-38.03],[-59.05,-38.06],[-59.04,-38.08],[-59.03,-38.1],[-59.0,-38.12],[-58.98,-38.14],[-58.96,-38.16],[-58.95,-38.18],[-58.92,-38.19],[-58.91,-38.21],[-58.9,-38.24],[-58.89,-38.26],[-58.84,-38.3],[-58.79,-38.37],[-58.77,-38.43],[-58.75,-38.49],[-58.69,-38.51],[-58.63,-38.56],[-58.72,-38.58],[-58.81,-38.62],[-58.9,-38.64],[-58.98,-38.67],[-59.04,-38.68],[-59.1,-38.7],[-59.15,-38.71],[-59.21,-38.71],[-59.28,-38.72],[-59.33,-38.72],[-59.36,-38.69],[-59.39,-38.65],[-59.41,-38.6],[-59.45,-38.59],[-59.34,-38.55],[-59.38,-38.48],[-59.36,-38.42],[-59.33,-38.35],[-59.35,-38.3],[-59.32,-38.22],[-59.25,-38.16],[-59.29,-38.14],[-59.32,-38.13],[-59.37,-38.11],[-59.42,-38.11],[-59.46,-38.09],[-59.51,-38.07],[-59.57,-38.06],[-59.62,-38.04],[-59.48,-37.84],[-59.35,-37.75],[-59.27,-37.69],[-59.21,-37.64],[-59.16,-37.67],[-59.16,-37.74],[-59.11,-37.8],[-59.13,-37.85],[-59.17,-37.89],[-59.17,-37.92],[-59.17,-37.93]]]]}},{"type":"Feature","id":"054","properties":{"nombre":"Jun\u00edn"},"geometry":{"type":"MultiPolygon","coordinates":[[[[-61.04,-34.28],[-61.01,-34.31],[-60.99,-34.32],[-60.95,-34.34],[-60.94,-34.34],[-60.93,-34.34],[-60.92,-34.34],[-60.91,-34.33],[-60.9,-34.33],[-60.87,-34.35],[-60.83,-34.38],[-60.8,-34.4],[-60.77,-34.43],[-60.74,-34.46],[-60.71,-34.49],[-60.65,-34.53],[-60.69,-34.57],[-60.7,-34.58],[-60.72,-34.59],[-60.75,-34.62],[-60.76,-34.64],[-60.75,-34.64],[-60.74,-34.65],[-60.74,-34.65],[-60.73,-34.64],[-60.72,-34.65],[-60.74,-34.67],[-60.79,-34.71],[-60.82,-34.79],[-60.84,-34.77],[-60.9,-34.81],[-60.93,-34.79],[-61.05,-34.69],[-61.08,-34.72],[-61.12,-34.75],[-61.18,-34.76],[-61.22,-34.71],[-61.31,-34.61],[-61.29,-34.56],[-61.36,-34.47],[-61.29,-34.42],[-61.27,-34.41],[-61.27,-34.4],[-61.27,-34.4],[-61.28,-34.4],[-61.27,-34.4],[-61.26,-34.4],[-61.25,-34.4],[-61.24,-34.4],[-61.23,-34.42],[-61.23,-34.42],[-61.23,-34.44],[-61.22,-34.44],[-61.21,-34.43],[-61.2,-34.43],[-61.2,-34.42],[-61.19,-34.41],[-61.19,-34.4],[-61.19,-34.39],[-61.2,-34.38],[-61.19,-34.37],[-61.18,-34.37],[-61.12,-34.31],[-61.04,-34.28]]]]}},{"type":"Feature","id":"072","properties":{"nombre":"Merlo"},"geometry":{"type":"MultiPolygon","coordinates":[[[[-58.76,-34.66],[-58.77,-34.66],[-58.77,-34.67],[-58.78,-34.67],[-58.79,-34.67],[-58.8,-34.68],[-58.81,-34.68],[-58.81,-34.68],[-58.81,-34.68],[-58.81,-34.68],[-58.81,-34.68],[-58.81,-34.68],[-58.81,-34.68],[-58.81,-34.68],[-58.82,-34.68],[-58.82,-34.68],[-58.82,-34.69],[-58.82,-34.68],[-58.82,-34.68],[-58.82,-34.68],[-58.83,-34.68],[-58.83,-34.68],[-58.83,-34.69],[-58.84,-34.69],[-58.84,-34.69],[-58.85,-34.68],[-58.85,-34.68],[-58.85,-34.68],[-58.86,-34.69],[-58.86,-34.69],[-58.86,-34.69],[-58.87,-34.7],[-58.86,-34.7],[-58.83,-34.72],[-58.81,-34.74],[-58.79,-34.75],[-58.77,-34.76],[-58.71,-34.77],[-58.67,-34.76],[-58.66,-34.75],[-58.67,-34.73],[-58.66,-34.73],[-58.65,-34.72],[-58.64,-34.71],[-58.67,-34.69],[-58.7,-34.66],[-58.72,-34.64],[-58.73,-34.64],[-58.73,-34.64],[-58.73,-34.64],[-58.73,-34.64],[-58.73,-34.64],[-58.73,-34.64],[-58.74,-34.64],[-58.74,-34.65],[-58.74,-34.65],[-58.74,-34.65],[-58.74,-34.65],[-58.75,-34.65],[-58.75,-34.65],[-58.75,-34.65],[-58.75,-34.65],[-58.75,-34.66],[-58.75,-34.66],[-58.76,-34.66]]]]}},{"type":"Feature","id":"012","properties":{"nombre":"Bragado"},"geometry":{"type":"MultiPolygon","coordinates":[[[[-60.4,-35.07],[-60.34,-35.12],[-60.35,-35.17],[-60.32,-35.23],[-60.37,-35.27],[-60.52,-35.4],[-60.68,-35.29],[-60.83,-35.18],[-60.85,-35.12],[-60.79,-35.07],[-60.81,-35.0],[-60.81,-34.94],[-60.76,-34.89],[-60.74,-34.88],[-60.78,-34.82],[-60.8,-34.78],[-60.75,-34.67],[-60.71,-34.65],[-60.69,-34.66],[-60.68,-34.66],[-60.68,-34.67],[-60.68,-34.69],[-60.68,-34.71],[-60.67,-34.7],[-60.66,-34.71],[-60.65,-34.72],[-60.64,-34.73],[-60.63,-34.74],[-60.63,-34.75],[-60.62,-34.76],[-60.61,-34.77],[-60.61,-34.78],[-60.6,-34.79],[-60.59,-34.8],[-60.58,-34.82],[-60.57,-34.82],[-60.57,-34.83],[-60.55,-34.82],[-60.54,-34.82],[-60.53,-34.83],[-60.52,-34.84],[-60.5,-34.84],[-60.48,-34.85],[-60.47,-34.86],[-60.46,-34.86],[-60.45,-34.87],[-60.45,-34.88],[-60.45,-34.89],[-60.45,-34.9],[-60.45,-34.92],[-60.46,-34.93],[-60.45,-34.93],[-60.47,-34.94],[-60.47,-34.95],[-60.48,-34.96],[-60.49,-34.97],[-60.49,-34.98],[-60.48,-34.99],[-60.47,-35.0],[-60.46,-35.01],[-60.44,-35.01],[-60.44,-35.02],[-60.44,-35.04],[-60.41,-35.07],[-60.4,-35.07]]]]}},{"type":"Feature","id":"004","properties":{"nombre":"Avellaneda"},"geometry":{"type":"MultiPolygon","coordinates":[[[[-58.37,-34.66],[-58.37,-34.65],[-58.37,-34.65],[-58.36,-34.65],[-58.36,-34.65],[-58.36,-34.65],[-58.36,-34.64],[-58.36,-34.64],[-58.36,-34.64],[-58.36,-34.64],[-58.33,-34.63],[-58.33,-34.64],[-58.33,-34.64],[-58.33,-34.65],[-58.33,-34.65],[-58.33,-34.65],[-58.33,-34.65],[-58.31,-34.66],[-58.3,-34.67],[-58.3,-34.67],[-58.3,-34.67],[-58.3,-34.67],[-58.3,-34.67],[-58.28,-34.68],[-58.28,-34.68],[-58.28,-34.68],[-58.29,-34.69],[-58.29,-34.69],[-58.3,-34.69],[-58.3,-34.69],[-58.3,-34.7],[-58.3,-34.7],[-58.3,-34.7],[-58.3,-34.7],[-58.3,-34.7],[-58.31,-34.7],[-58.31,-34.7],[-58.31,-34.71],[-58.31,-34.71],[-58.31,-34.71],[-58.31,-34.71],[-58.32,-34.71],[-58.32,-34.71],[-58.32,-34.71],[-58.32,-34.72],[-58.33,-34.73],[-58.36,-34.7],[-58.36,-34.7],[-58.37,-34.7],[-58.37,-34.69],[-58.38,-34.69],[-58.38,-34.69],[-58.39,-34.68],[-58.39,-34.68],[-58.4,-34.67],[-58.39,-34.67],[-58.4,-34.66],[-58.4,-34.66],[-58.4,-34.66],[-58.4,-34.66],[-58.4,-34.66],[-58.4,-34.66],[-58.4,-34.66],[-58.4,-34.66],[-58.4,-34.66],[-58.4,-34.66],[-58.4,-34.66],[-58.39,-34.66],[-58.39,-34.66],[-58.39,-34.66],[-58.39,-34.66],[-58.38,-34.66],[-58.38,-34.66],[-58.37,-34.66]]]]}},{"type":"Feature","id":"110","properties":{"nombre":"Vicente L\u00f3pez"},"geometry":{"type":"MultiPolygon","coordinates":[[[[-58.51,-34.57],[-58.51,-34.57],[-58.51,-34.57],[-58.51,-34.56],[-58.52,-34.56],[-58.52,-34.56],[-58.52,-34.56],[-58.52,-34.56],[-58.52,-34.55],[-58.52,-34.55],[-58.53,-34.55],[-58.53,-34.55],[-58.53,-34.54],[-58.53,-34.54],[-58.53,-34.54],[-58.53,-34.54],[-58.53,-34.54],[-58.53,-34.54],[-58.54,-34.54],[-58.54,-34.54],[-58.54,-34.54],[-58.54,-34.54],[-58.55,-34.54],[-58.55,-34.53],[-58.55,-34.53],[-58.55,-34.52],[-58.55,-34.52],[-58.55,-34.52],[-58.54,-34.52],[-58.54,-34.52],[-58.54,-34.52],[-58.54,-34.52],[-58.53,-34.52],[-58.53,-34.52],[-58.53,-34.52],[-58.53,-34.51],[-58.53,-34.51],[-58.53,-34.51],[-58.52,-34.51],[-58.52,-34.51],[-58.52,-34.51],[-58.51,-34.51],[-58.51,-34.5],[-58.5,-34.5],[-58.5,-34.5],[-58.49,-34.49],[-58.49,-34.49],[-58.48,-34.49],[-58.48,-34.49],[-58.48,-34.49],[-58.48,-34.49],[-58.48,-34.49],[-58.48,-34.49],[-58.48,-34.5],[-58.47,-34.5],[-58.47,-34.5],[-58.47,-34.5],[-58.47,-34.5],[-58.47,-34.5],[-58.47,-34.51],[-58.47,-34.51],[-58.47,-34.51],[-58.47,-34.51],[-58.47,-34.51],[-58.47,-34.52],[-58.47,-34.52],[-58.47,-34.52],[-58.47,-34.52],[-58.47,-34.52],[-58.46,-34.53],[-58.46,-34.53],[-58.46,-34.53],[-58.46,-34.53],[-58.46,-34.53],[-58.47,-34.54],[-58.47,-34.54],[-58.47,-34.54],[-58.47,-34.54],[-58.47,-34.54],[-58.48,-34.54],[-58.48,-34.54],[-58.49,-34.55],[-58.5,-34.55],[-58.5,-34.55],[-58.5,-34.55],[-58.5,-34.55],[-58.5,-34.56],[-58.51,-34.56],[-58.51,-34.56],[-58.51,-34.57],[-58.51,-34.57]]]]}},{"type":"Feature","id":"103","properties":{"nombre":"Tandil"},"geometry":{"type":"MultiPolygon","coordinates":[[[[-59.36,-36.85],[-59.21,-36.96],[-59.13,-37.03],[-58.97,-37.14],[-58.86,-37.23],[-58.72,-37.33],[-58.65,-37.44],[-58.82,-37.59],[-58.99,-37.73],[-59.11,-37.82],[-59.12,-37.79],[-59.13,-37.77],[-59.15,-37.75],[-59.17,-37.73],[-59.17,-37.71],[-59.16,-37.69],[-59.15,-37.66],[-59.16,-37.63],[-59.26,-37.63],[-59.44,-37.49],[-59.57,-37.39],[-59.77,-37.25],[-59.76,-37.24],[-59.75,-37.23],[-59.74,-37.23],[-59.72,-37.23],[-59.71,-37.22],[-59.7,-37.22],[-59.69,-37.21],[-59.69,-37.2],[-59.68,-37.2],[-59.67,-37.19],[-59.66,-37.18],[-59.65,-37.17],[-59.64,-37.17],[-59.62,-37.15],[-59.6,-37.14],[-59.58,-37.12],[-59.57,-37.1],[-59.54,-37.08],[-59.52,-37.08],[-59.5,-37.05],[-59.48,-37.04],[-59.47,-37.03],[-59.45,-37.03],[-59.44,-37.02],[-59.43,-37.01],[-59.42,-36.99],[-59.41,-36.98],[-59.41,-36.97],[-59.4,-36.97],[-59.4,-36.96],[-59.39,-36.95],[-59.38,-36.94],[-59.38,-36.93],[-59.37,-36.92],[-59.37,-36.9],[-59.36,-36.9],[-59.36,-36.88],[-59.36,-36.87],[-59.36,-36.86],[-59.36,-36.85]]]]}},{"type":"Feature","id":"077","properties":{"nombre":"Nueve de Julio"},"geometry":{"type":"MultiPolygon","coordinates":[[[[-61.53,-35.38],[-61.51,-35.4],[-61.47,-35.42],[-61.46,-35.44],[-61.44,-35.46],[-61.42,-35.47],[-61.39,-35.49],[-61.36,-35.51],[-61.33,-35.54],[-61.28,-35.56],[-61.23,-35.6],[-61.17,-35.66],[-61.13,-35.68],[-61.12,-35.7],[-61.04,-35.76],[-61.07,-35.8],[-61.09,-35.84],[-61.06,-35.86],[-61.03,-35.88],[-60.99,-35.91],[-60.97,-35.92],[-60.92,-35.88],[-60.86,-35.83],[-60.82,-35.8],[-60.79,-35.77],[-60.75,-35.74],[-60.7,-35.7],[-60.67,-35.67],[-60.63,-35.64],[-60.6,-35.61],[-60.54,-35.56],[-60.48,-35.5],[-60.46,-35.46],[-60.58,-35.37],[-60.64,-35.32],[-60.68,-35.29],[-60.74,-35.24],[-60.77,-35.22],[-60.79,-35.2],[-60.82,-35.19],[-60.85,-35.16],[-60.88,-35.16],[-60.92,-35.19],[-60.94,-35.21],[-60.95,-35.22],[-60.97,-35.23],[-61.0,-35.24],[-61.03,-35.21],[-61.06,-35.19],[-61.09,-35.21],[-61.15,-35.26],[-61.19,-35.24],[-61.23,-35.2],[-61.26,-35.18],[-61.32,-35.2],[-61.35,-35.23],[-61.38,-35.25],[-61.4,-35.27],[-61.42,-35.28],[-61.42,-35.29],[-61.43,-35.3],[-61.45,-35.31],[-61.5,-35.35],[-61.53,-35.38]]]]}},{"type":"Feature","id":"087","properties":{"nombre":"Ramallo"},"geometry":{"type":"MultiPolygon","coordinates":[[[[-60.2,-33.54],[-60.19,-33.53],[-60.19,-33.53],[-60.18,-33.52],[-60.18,-33.51],[-60.17,-33.51],[-60.17,-33.5],[-60.17,-33.49],[-60.16,-33.49],[-60.16,-33.47],[-60.17,-33.47],[-60.18,-33.47],[-60.18,-33.46],[-60.19,-33.46],[-60.19,-33.45],[-60.19,-33.44],[-60.19,-33.43],[-60.19,-33.42],[-60.19,-33.4],[-60.17,-33.39],[-60.17,-33.37],[-60.16,-33.35],[-60.09,-33.4],[-60.02,-33.46],[-59.88,-33.54],[-59.84,-33.57],[-59.84,-33.57],[-59.84,-33.58],[-59.83,-33.58],[-60.03,-33.76],[-60.02,-33.83],[-60.03,-33.83],[-60.04,-33.83],[-60.05,-33.83],[-60.06,-33.82],[-60.06,-33.82],[-60.07,-33.82],[-60.08,-33.81],[-60.24,-33.65],[-60.24,-33.66],[-60.31,-33.65],[-60.31,-33.65],[-60.3,-33.64],[-60.3,-33.63],[-60.29,-33.63],[-60.28,-33.62],[-60.27,-33.62],[-60.26,-33.62],[-60.26,-33.62],[-60.25,-33.62],[-60.24,-33.61],[-60.24,-33.61],[-60.23,-33.6],[-60.23,-33.59],[-60.23,-33.58],[-60.22,-33.58],[-60.21,-33.57],[-60.21,-33.56],[-60.21,-33.56],[-60.2,-33.55],[-60.2,-33.54]]]]}},{"type":"Feature","id":"098","properties":{"nombre":"San Nicol\u00e1s"},"geometry":{"type":"MultiPolygon","coordinates":[[[[-60.27,-33.26],[-60.27,-33.28],[-60.28,-33.3],[-60.31,-33.33],[-60.33,-33.36],[-60.33,-33.38],[-60.33,-33.4],[-60.34,-33.42],[-60.36,-33.43],[-60.38,-33.44],[-60.4,-33.46],[-60.41,-33.48],[-60.42,-33.5],[-60.42,-33.51],[-60.42,-33.53],[-60.42,-33.55],[-60.42,-33.56],[-60.44,-33.57],[-60.46,-33.59],[-60.4,-33.64],[-60.33,-33.68],[-60.32,-33.67],[-60.32,-33.66],[-60.32,-33.66],[-60.31,-33.65],[-60.31,-33.65],[-60.3,-33.64],[-60.29,-33.63],[-60.29,-33.62],[-60.27,-33.62],[-60.26,-33.62],[-60.25,-33.62],[-60.25,-33.62],[-60.24,-33.61],[-60.23,-33.6],[-60.23,-33.59],[-60.22,-33.58],[-60.22,-33.58],[-60.21,-33.57],[-60.21,-33.56],[-60.2,-33.55],[-60.2,-33.53],[-60.19,-33.53],[-60.18,-33.52],[-60.18,-33.51],[-60.17,-33.51],[-60.17,-33.5],[-60.16,-33.49],[-60.16,-33.48],[-60.17,-33.47],[-60.18,-33.46],[-60.19,-33.46],[-60.19,-33.45],[-60.19,-33.44],[-60.19,-33.43],[-60.19,-33.41],[-60.18,-33.39],[-60.17,-33.37],[-60.2,-33.33],[-60.24,-33.3],[-60.27,-33.26]]]]}},{"type":"Feature","id":"100","properties":{"nombre":"San Vicente"},"geometry":{"type":"MultiPolygon","coordinates":[[[[-58.44,-34.99],[-58.45,-34.99],[-58.45,-34.99],[-58.45,-34.99],[-58.45,-34.99],[-58.45,-34.99],[-58.46,-35.0],[-58.46,-35.0],[-58.46,-35.0],[-58.46,-35.0],[-58.46,-35.0],[-58.46,-35.01],[-58.47,-35.01],[-58.47,-35.01],[-58.47,-35.01],[-58.47,-35.0],[-58.47,-35.0],[-58.47,-34.97],[-58.47,-34.97],[-58.46,-34.96],[-58.46,-34.95],[-58.46,-34.95],[-58.47,-34.95],[-58.49,-34.93],[-58.51,-34.95],[-58.53,-34.96],[-58.53,-34.96],[-58.54,-34.97],[-58.55,-34.98],[-58.55,-34.98],[-58.55,-34.98],[-58.56,-35.01],[-58.55,-35.01],[-58.56,-35.01],[-58.56,-35.02],[-58.57,-35.03],[-58.58,-35.03],[-58.59,-35.04],[-58.6,-35.05],[-58.58,-35.07],[-58.58,-35.07],[-58.58,-35.13],[-58.58,-35.15],[-58.57,-35.16],[-58.55,-35.17],[-58.56,-35.18],[-58.54,-35.19],[-58.53,-35.19],[-58.5,-35.22],[-58.47,-35.24],[-58.44,-35.22],[-58.45,-35.21],[-58.42,-35.19],[-58.41,-35.19],[-58.41,-35.19],[-58.35,-35.14],[-58.34,-35.15],[-58.31,-35.12],[-58.29,-35.11],[-58.28,-35.1],[-58.28,-35.1],[-58.27,-35.09],[-58.27,-35.09],[-58.27,-35.09],[-58.26,-35.09],[-58.26,-35.08],[-58.25,-35.07],[-58.24,-35.07],[-58.24,-35.06],[-58.26,-35.04],[-58.29,-35.02],[-58.28,-35.01],[-58.28,-35.0],[-58.28,-35.0],[-58.3,-34.97],[-58.29,-34.97],[-58.32,-34.93],[-58.34,-34.93],[-58.34,-34.94],[-58.34,-34.94],[-58.35,-34.94],[-58.35,-34.94],[-58.35,-34.94],[-58.35,-34.94],[-58.35,-34.94],[-58.35,-34.94],[-58.35,-34.94],[-58.36,-34.94],[-58.36,-34.94],[-58.36,-34.95],[-58.36,-34.95],[-58.36,-34.95],[-58.38,-34.95],[-58.38,-34.96],[-58.38,-34.96],[-58.38,-34.95],[-58.38,-34.95],[-58.38,-34.95],[-58.39,-34.96],[-58.39,-34.97],[-58.4,-34.97],[-58.4,-34.97],[-58.4,-34.97],[-58.4,-34.97],[-58.4,-34.98],[-58.41,-34.98],[-58.41,-34.98],[-58.41,-34.97],[-58.41,-34.97],[-58.42,-34.98],[-58.43,-34.98],[-58.43,-34.98],[-58.44,-34.98],[-58.44,-34.98],[-58.44,-34.99],[-58.44,-34.99],[-58.44,-34.99]]]]}},{"type":"Feature","id":"015","properties":{"nombre":"Ca\u00f1uelas"},"geometry":{"type":"MultiPolygon","coordinates":[[[[-58.65,-34.89],[-58.66,-34.9],[-58.67,-34.9],[-58.67,-34.9],[-58.67,-34.9],[-58.68,-34.9],[-58.68,-34.91],[-58.68,-34.91],[-58.69,-34.91],[-58.69,-34.91],[-58.69,-34.91],[-58.7,-34.91],[-58.7,-34.91],[-58.7,-34.92],[-58.71,-34.92],[-58.71,-34.92],[-58.71,-34.92],[-58.72,-34.92],[-58.72,-34.92],[-58.72,-34.92],[-58.73,-34.92],[-58.73,-34.93],[-58.73,-34.93],[-58.73,-34.93],[-58.74,-34.93],[-58.74,-34.94],[-58.74,-34.94],[-58.75,-34.94],[-58.75,-34.94],[-58.75,-34.95],[-58.76,-34.95],[-58.76,-34.96],[-58.77,-34.96],[-58.78,-34.96],[-58.78,-34.96],[-58.79,-34.95],[-58.78,-34.96],[-58.82,-35.0],[-58.86,-35.04],[-58.9,-35.08],[-58.92,-35.11],[-58.87,-35.15],[-58.87,-35.19],[-58.81,-35.25],[-58.73,-35.27],[-58.68,-35.31],[-58.65,-35.37],[-58.56,-35.4],[-58.57,-35.33],[-58.49,-35.25],[-58.52,-35.2],[-58.57,-35.16],[-58.58,-35.08],[-58.57,-35.02],[-58.59,-34.98],[-58.61,-34.95],[-58.61,-34.94],[-58.61,-34.93],[-58.61,-34.92],[-58.62,-34.92],[-58.62,-34.92],[-58.65,-34.9],[-58.65,-34.89]]]]}},{"type":"Feature","id":"080","properties":{"nombre":"Pehuaj\u00f3"},"geometry":{"type":"MultiPolygon","coordinates":[[[[-61.91,-35.49],[-61.95,-35.52],[-61.97,-35.54],[-62.0,-35.54],[-62.02,-35.53],[-62.05,-35.5],[-62.11,-35.55],[-62.1,-35.59],[-62.16,-35.64],[-62.21,-35.68],[-62.34,-35.78],[-62.35,-35.8],[-62.37,-35.81],[-62.38,-35.82],[-62.4,-35.84],[-62.43,-35.86],[-62.38,-35.9],[-62.22,-36.03],[-62.16,-36.09],[-62.13,-36.11],[-62.11,-36.13],[-62.09,-36.14],[-62.09,-36.16],[-62.21,-36.25],[-62.15,-36.25],[-62.12,-36.27],[-62.08,-36.3],[-62.03,-36.31],[-61.98,-36.33],[-61.96,-36.32],[-61.95,-36.32],[-61.94,-36.27],[-61.94,-36.26],[-61.82,-36.17],[-61.79,-36.15],[-61.76,-36.15],[-61.7,-36.13],[-61.64,-36.11],[-61.6,-36.11],[-61.57,-36.09],[-61.54,-36.06],[-61.47,-36.03],[-61.46,-36.02],[-61.48,-36.01],[-61.54,-35.93],[-61.6,-35.88],[-61.64,-35.85],[-61.59,-35.81],[-61.55,-35.78],[-61.53,-35.76],[-61.52,-35.73],[-61.54,-35.71],[-61.57,-35.69],[-61.6,-35.66],[-61.58,-35.64],[-61.62,-35.61],[-61.65,-35.58],[-61.69,-35.56],[-61.74,-35.55],[-61.75,-35.56],[-61.81,-35.57],[-61.85,-35.54],[-61.91,-35.49]]]]}},{"type":"Feature","id":"131","properties":{"nombre":"San Miguel"},"geometry":{"type":"MultiPolygon","coordinates":[[[[-58.7,-34.53],[-58.72,-34.52],[-58.72,-34.52],[-58.73,-34.53],[-58.74,-34.54],[-58.75,-34.55],[-58.76,-34.55],[-58.78,-34.56],[-58.76,-34.57],[-58.75,-34.58],[-58.74,-34.59],[-58.72,-34.6],[-58.71,-34.6],[-58.71,-34.6],[-58.71,-34.6],[-58.71,-34.6],[-58.7,-34.6],[-58.7,-34.6],[-58.7,-34.6],[-58.7,-34.59],[-58.69,-34.59],[-58.69,-34.59],[-58.69,-34.59],[-58.69,-34.59],[-58.69,-34.59],[-58.68,-34.59],[-58.68,-34.59],[-58.68,-34.58],[-58.68,-34.58],[-58.68,-34.58],[-58.68,-34.58],[-58.68,-34.58],[-58.67,-34.58],[-58.67,-34.57],[-58.67,-34.57],[-58.67,-34.57],[-58.67,-34.57],[-58.67,-34.57],[-58.67,-34.57],[-58.67,-34.57],[-58.66,-34.57],[-58.66,-34.57],[-58.66,-34.57],[-58.66,-34.57],[-58.66,-34.57],[-58.66,-34.57],[-58.66,-34.57],[-58.66,-34.57],[-58.66,-34.57],[-58.66,-34.57],[-58.66,-34.57],[-58.65,-34.56],[-58.65,-34.56],[-58.65,-34.56],[-58.64,-34.55],[-58.63,-34.55],[-58.62,-34.55],[-58.62,-34.54],[-58.61,-34.54],[-58.61,-34.54],[-58.64,-34.51],[-58.67,-34.51],[-58.69,-34.53],[-58.7,-34.53]]]]}},{"type":"Feature","id":"046","properties":{"nombre":"General Rodr\u00edguez"},"geometry":{"type":"MultiPolygon","coordinates":[[[[-58.88,-34.63],[-58.88,-34.64],[-58.88,-34.64],[-58.88,-34.65],[-58.88,-34.65],[-58.88,-34.65],[-58.88,-34.66],[-58.88,-34.66],[-58.88,-34.66],[-58.88,-34.66],[-58.88,-34.67],[-58.88,-34.67],[-58.87,-34.69],[-58.87,-34.69],[-58.88,-34.69],[-58.89,-34.7],[-58.89,-34.7],[-58.9,-34.7],[-58.9,-34.7],[-58.91,-34.7],[-58.91,-34.7],[-58.91,-34.7],[-58.91,-34.7],[-58.92,-34.7],[-58.92,-34.7],[-58.93,-34.7],[-58.93,-34.7],[-58.94,-34.7],[-58.94,-34.71],[-58.94,-34.71],[-58.94,-34.71],[-58.94,-34.71],[-58.94,-34.71],[-58.94,-34.71],[-58.94,-34.71],[-58.94,-34.71],[-58.95,-34.71],[-58.95,-34.72],[-58.96,-34.72],[-58.96,-34.73],[-58.96,-34.73],[-58.97,-34.74],[-58.97,-34.74],[-58.98,-34.74],[-58.98,-34.75],[-58.99,-34.75],[-59.0,-34.76],[-59.0,-34.76],[-59.01,-34.76],[-59.02,-34.76],[-59.02,-34.76],[-59.03,-34.76],[-59.07,-34.74],[-59.09,-34.72],[-59.13,-34.66],[-59.11,-34.64],[-59.07,-34.62],[-59.05,-34.59],[-59.01,-34.59],[-58.98,-34.56],[-58.96,-34.54],[-58.89,-34.58],[-58.87,-34.61],[-58.88,-34.63]]]]}},{"type":"Feature","id":"038","properties":{"nombre":"Z\u00e1rate"},"geometry":{"type":"MultiPolygon","coordinates":[[[[-59.01,-34.09],[-58.97,-34.12],[-59.01,-34.15],[-59.06,-34.18],[-59.09,-34.19],[-59.18,-34.19],[-59.24,-34.17],[-59.31,-34.16],[-59.31,-34.16],[-59.3,-34.16],[-59.29,-34.15],[-59.29,-34.15],[-59.28,-34.14],[-59.28,-34.14],[-59.28,-34.14],[-59.27,-34.13],[-59.28,-34.13],[-59.27,-34.12],[-59.27,-34.11],[-59.27,-34.1],[-59.27,-34.1],[-59.27,-34.1],[-59.27,-34.09],[-59.27,-34.08],[-59.28,-34.08],[-59.28,-34.08],[-59.29,-34.07],[-59.3,-34.07],[-59.3,-34.07],[-59.3,-34.06],[-59.3,-34.05],[-59.3,-34.04],[-59.31,-34.03],[-59.31,-34.03],[-59.31,-34.02],[-59.31,-34.02],[-59.31,-34.01],[-59.31,-34.01],[-59.32,-34.0],[-59.32,-34.0],[-59.33,-33.99],[-59.33,-33.98],[-59.33,-33.98],[-59.34,-33.97],[-59.34,-33.97],[-59.34,-33.96],[-59.34,-33.95],[-59.34,-33.95],[-59.34,-33.95],[-59.34,-33.95],[-59.35,-33.94],[-59.35,-33.94],[-59.34,-33.93],[-59.33,-33.93],[-59.31,-33.93],[-59.29,-33.93],[-59.27,-33.94],[-59.24,-33.95],[-59.2,-33.96],[-59.17,-33.98],[-59.14,-34.0],[-59.1,-34.04],[-59.04,-34.05],[-59.01,-34.09]]]]}},{"type":"Feature","id":"125","properties":{"nombre":"Villa Gesell"},"geometry":{"type":"MultiPolygon","coordinates":[[[[-56.95,-37.18],[-57.04,-37.24],[-57.01,-37.27],[-57.13,-37.42],[-57.18,-37.5],[-57.19,-37.55],[-57.18,-37.54],[-57.17,-37.54],[-57.17,-37.53],[-57.16,-37.53],[-57.15,-37.52],[-57.14,-37.51],[-57.14,-37.51],[-57.13,-37.5],[-57.13,-37.5],[-57.12,-37.49],[-57.12,-37.49],[-57.11,-37.48],[-57.11,-37.48],[-57.11,-37.47],[-57.1,-37.46],[-57.09,-37.45],[-57.09,-37.45],[-57.09,-37.44],[-57.08,-37.44],[-57.08,-37.43],[-57.08,-37.43],[-57.07,-37.42],[-57.07,-37.42],[-57.06,-37.41],[-57.06,-37.41],[-57.06,-37.4],[-57.06,-37.4],[-57.05,-37.39],[-57.05,-37.38],[-57.05,-37.38],[-57.04,-37.37],[-57.04,-37.37],[-57.04,-37.37],[-57.04,-37.37],[-57.04,-37.36],[-57.04,-37.36],[-57.03,-37.36],[-57.03,-37.35],[-57.03,-37.35],[-57.03,-37.34],[-57.02,-37.34],[-57.02,-37.33],[-57.01,-37.32],[-57.0,-37.31],[-57.0,-37.3],[-56.99,-37.29],[-56.99,-37.29],[-56.98,-37.28],[-56.98,-37.27],[-56.97,-37.27],[-56.96,-37.26],[-56.96,-37.25],[-56.95,-37.24],[-56.94,-37.23],[-56.93,-37.22],[-56.93,-37.21],[-56.92,-37.2],[-56.91,-37.19],[-56.95,-37.18]]]]}},{"type":"Feature","id":"032","properties":{"nombre":"Florencio Varela"},"geometry":{"type":"MultiPolygon","coordinates":[[[[-58.3,-34.8],[-58.3,-34.8],[-58.31,-34.8],[-58.33,-34.8],[-58.33,-34.81],[-58.32,-34.82],[-58.31,-34.83],[-58.3,-34.85],[-58.32,-34.87],[-58.31,-34.88],[-58.3,-34.89],[-58.28,-34.91],[-58.28,-34.92],[-58.28,-34.92],[-58.3,-34.95],[-58.3,-34.97],[-58.3,-34.98],[-58.29,-34.99],[-58.28,-35.0],[-58.28,-35.01],[-58.27,-35.0],[-58.25,-34.99],[-58.24,-34.93],[-58.22,-34.9],[-58.2,-34.88],[-58.18,-34.87],[-58.19,-34.84],[-58.19,-34.84],[-58.19,-34.84],[-58.19,-34.84],[-58.19,-34.84],[-58.19,-34.83],[-58.2,-34.82],[-58.2,-34.81],[-58.2,-34.81],[-58.21,-34.81],[-58.21,-34.81],[-58.22,-34.81],[-58.22,-34.81],[-58.23,-34.81],[-58.23,-34.8],[-58.24,-34.8],[-58.24,-34.8],[-58.24,-34.8],[-58.25,-34.79],[-58.25,-34.79],[-58.25,-34.79],[-58.26,-34.78],[-58.26,-34.78],[-58.27,-34.77],[-58.27,-34.77],[-58.28,-34.77],[-58.29,-34.78],[-58.3,-34.78],[-58.3,-34.79],[-58.3,-34.79],[-58.3,-34.79],[-58.3,-34.79],[-58.3,-34.79],[-58.3,-34.79],[-58.3,-34.79],[-58.3,-34.79],[-58.3,-34.8],[-58.3,-34.8],[-58.3,-34.8],[-58.3,-34.8],[-58.3,-34.8],[-58.3,-34.8]]]]}},{"type":"Feature","id":"014","properties":{"nombre":"Campana"},"geometry":{"type":"MultiPolygon","coordinates":[[[[-59.1,-34.2],[-59.06,-34.18],[-59.0,-34.15],[-58.95,-34.15],[-58.92,-34.18],[-58.85,-34.26],[-58.86,-34.26],[-58.86,-34.27],[-58.86,-34.27],[-58.87,-34.27],[-58.88,-34.27],[-58.88,-34.28],[-58.88,-34.28],[-58.88,-34.28],[-58.88,-34.29],[-58.88,-34.29],[-58.88,-34.29],[-58.88,-34.3],[-58.88,-34.3],[-58.89,-34.3],[-58.89,-34.3],[-58.89,-34.3],[-58.89,-34.3],[-58.89,-34.3],[-58.9,-34.31],[-58.9,-34.31],[-58.9,-34.31],[-58.9,-34.31],[-58.91,-34.31],[-58.91,-34.32],[-58.91,-34.32],[-58.91,-34.32],[-58.92,-34.33],[-58.92,-34.33],[-58.91,-34.34],[-58.92,-34.34],[-58.91,-34.34],[-58.92,-34.35],[-58.92,-34.35],[-58.92,-34.35],[-58.91,-34.36],[-58.91,-34.36],[-58.91,-34.36],[-58.91,-34.37],[-58.92,-34.37],[-58.92,-34.37],[-58.92,-34.37],[-58.92,-34.38],[-58.92,-34.38],[-58.94,-34.36],[-58.94,-34.36],[-58.94,-34.36],[-58.94,-34.36],[-58.94,-34.36],[-58.94,-34.36],[-58.95,-34.35],[-58.99,-34.31],[-59.01,-34.29],[-59.03,-34.28],[-59.06,-34.25],[-59.1,-34.21],[-59.1,-34.2]]]]}},{"type":"Feature","id":"064","properties":{"nombre":"Luj\u00e1n"},"geometry":{"type":"MultiPolygon","coordinates":[[[[-59.2,-34.37],[-59.2,-34.38],[-59.2,-34.38],[-59.21,-34.39],[-59.21,-34.39],[-59.21,-34.39],[-59.21,-34.39],[-59.21,-34.4],[-59.22,-34.4],[-59.22,-34.4],[-59.22,-34.4],[-59.23,-34.41],[-59.23,-34.41],[-59.23,-34.41],[-59.23,-34.41],[-59.24,-34.41],[-59.24,-34.41],[-59.23,-34.43],[-59.24,-34.46],[-59.34,-34.51],[-59.27,-34.62],[-59.27,-34.62],[-59.27,-34.62],[-59.27,-34.62],[-59.28,-34.62],[-59.28,-34.62],[-59.27,-34.63],[-59.25,-34.66],[-59.24,-34.71],[-59.2,-34.76],[-59.17,-34.8],[-59.15,-34.79],[-59.15,-34.78],[-59.14,-34.78],[-59.14,-34.77],[-59.14,-34.77],[-59.13,-34.77],[-59.13,-34.76],[-59.13,-34.76],[-59.13,-34.76],[-59.12,-34.75],[-59.12,-34.75],[-59.12,-34.75],[-59.11,-34.75],[-59.11,-34.74],[-59.1,-34.74],[-59.1,-34.73],[-59.1,-34.73],[-59.09,-34.72],[-59.09,-34.72],[-59.11,-34.7],[-59.12,-34.65],[-59.08,-34.63],[-59.04,-34.59],[-58.99,-34.58],[-58.95,-34.54],[-58.99,-34.5],[-59.0,-34.49],[-59.02,-34.47],[-59.04,-34.45],[-59.08,-34.44],[-59.13,-34.42],[-59.17,-34.4],[-59.2,-34.37]]]]}},{"type":"Feature","id":"135","properties":{"nombre":"Hurlingham"},"geometry":{"type":"MultiPolygon","coordinates":[[[[-58.65,-34.56],[-58.62,-34.59],[-58.62,-34.6],[-58.62,-34.61],[-58.62,-34.61],[-58.62,-34.62],[-58.62,-34.63],[-58.62,-34.63],[-58.63,-34.63],[-58.65,-34.63],[-58.66,-34.62],[-58.69,-34.59],[-58.69,-34.59],[-58.69,-34.59],[-58.69,-34.59],[-58.69,-34.59],[-58.69,-34.59],[-58.69,-34.59],[-58.69,-34.59],[-58.69,-34.59],[-58.69,-34.59],[-58.69,-34.59],[-58.69,-34.59],[-58.69,-34.59],[-58.69,-34.59],[-58.69,-34.59],[-58.69,-34.59],[-58.69,-34.59],[-58.68,-34.59],[-58.68,-34.59],[-58.68,-34.59],[-58.68,-34.59],[-58.68,-34.59],[-58.68,-34.58],[-58.68,-34.58],[-58.68,-34.58],[-58.68,-34.58],[-58.68,-34.58],[-58.68,-34.58],[-58.68,-34.58],[-58.68,-34.58],[-58.68,-34.58],[-58.68,-34.58],[-58.68,-34.58],[-58.68,-34.58],[-58.68,-34.58],[-58.68,-34.58],[-58.67,-34.58],[-58.67,-34.58],[-58.67,-34.58],[-58.67,-34.58],[-58.67,-34.58],[-58.67,-34.58],[-58.67,-34.58],[-58.67,-34.57],[-58.67,-34.57],[-58.67,-34.57],[-58.67,-34.57],[-58.67,-34.57],[-58.66,-34.57],[-58.66,-34.57],[-58.66,-34.57],[-58.66,-34.57],[-58.66,-34.57],[-58.65,-34.56]]]]}},{"type":"Feature","id":"114","properties":{"nombre":"Berisso"},"geometry":{"type":"MultiPolygon","coordinates":[[[[-57.87,-34.83],[-57.87,-34.83],[-57.87,-34.83],[-57.87,-34.83],[-57.87,-34.83],[-57.87,-34.84],[-57.87,-34.84],[-57.87,-34.84],[-57.86,-34.84],[-57.86,-34.84],[-57.86,-34.84],[-57.85,-34.85],[-57.85,-34.85],[-57.85,-34.85],[-57.85,-34.85],[-57.85,-34.85],[-57.84,-34.85],[-57.84,-34.85],[-57.84,-34.86],[-57.84,-34.86],[-57.83,-34.86],[-57.83,-34.86],[-57.82,-34.86],[-57.82,-34.86],[-57.82,-34.87],[-57.81,-34.87],[-57.81,-34.87],[-57.8,-34.88],[-57.8,-34.88],[-57.79,-34.88],[-57.79,-34.89],[-57.79,-34.89],[-57.78,-34.89],[-57.78,-34.89],[-57.78,-34.9],[-57.78,-34.9],[-57.77,-34.9],[-57.77,-34.9],[-57.76,-34.91],[-57.75,-34.91],[-57.75,-34.92],[-57.74,-34.92],[-57.74,-34.92],[-57.73,-34.92],[-57.73,-34.93],[-57.72,-34.93],[-57.71,-34.93],[-57.76,-34.97],[-57.8,-34.96],[-57.88,-34.94],[-57.93,-34.91],[-57.89,-34.85],[-57.88,-34.85],[-57.88,-34.84],[-57.88,-34.84],[-57.88,-34.84],[-57.88,-34.84],[-57.88,-34.83],[-57.88,-34.83],[-57.88,-34.83],[-57.88,-34.83],[-57.87,-34.83]]]]}},{"type":"Feature","id":"083","properties":{"nombre":"Pila"},"geometry":{"type":"MultiPolygon","coordinates":[[[[-58.25,-35.82],[-58.24,-35.83],[-58.22,-35.82],[-58.22,-35.82],[-58.2,-35.83],[-58.2,-35.84],[-58.2,-35.85],[-58.19,-35.86],[-58.18,-35.87],[-58.16,-35.87],[-58.15,-35.87],[-58.14,-35.88],[-58.15,-35.89],[-58.14,-35.9],[-58.13,-35.91],[-58.12,-35.92],[-58.1,-35.92],[-58.11,-35.93],[-58.1,-35.94],[-58.09,-35.94],[-58.09,-35.95],[-58.08,-35.95],[-58.07,-35.95],[-58.06,-35.95],[-58.05,-35.95],[-58.03,-35.95],[-58.02,-35.95],[-58.02,-35.95],[-58.01,-35.96],[-58.02,-35.97],[-58.02,-35.99],[-58.03,-36.0],[-58.03,-36.01],[-58.03,-36.01],[-58.03,-36.03],[-58.02,-36.03],[-58.01,-36.04],[-57.98,-36.06],[-58.07,-36.13],[-57.98,-36.24],[-58.07,-36.35],[-58.19,-36.45],[-58.14,-36.55],[-58.23,-36.6],[-58.32,-36.54],[-58.53,-36.39],[-58.63,-36.34],[-58.72,-36.27],[-58.79,-36.19],[-58.84,-36.14],[-58.83,-36.12],[-58.82,-36.11],[-58.81,-36.11],[-58.68,-36.04],[-58.58,-36.11],[-58.39,-35.96],[-58.28,-35.86],[-58.27,-35.86],[-58.27,-35.85],[-58.27,-35.84],[-58.27,-35.83],[-58.25,-35.82]]]]}},{"type":"Feature","id":"130","properties":{"nombre":"Ezeiza"},"geometry":{"type":"MultiPolygon","coordinates":[[[[-58.51,-34.9],[-58.5,-34.93],[-58.55,-34.98],[-58.61,-34.92],[-58.62,-34.92],[-58.62,-34.92],[-58.63,-34.92],[-58.65,-34.89],[-58.64,-34.88],[-58.64,-34.87],[-58.64,-34.87],[-58.64,-34.86],[-58.64,-34.86],[-58.63,-34.86],[-58.63,-34.85],[-58.63,-34.85],[-58.62,-34.84],[-58.62,-34.84],[-58.62,-34.83],[-58.62,-34.82],[-58.61,-34.82],[-58.61,-34.81],[-58.6,-34.81],[-58.6,-34.81],[-58.6,-34.81],[-58.6,-34.8],[-58.59,-34.8],[-58.59,-34.8],[-58.59,-34.8],[-58.59,-34.8],[-58.59,-34.79],[-58.59,-34.79],[-58.59,-34.78],[-58.59,-34.78],[-58.58,-34.78],[-58.58,-34.78],[-58.57,-34.78],[-58.57,-34.77],[-58.57,-34.77],[-58.57,-34.77],[-58.57,-34.77],[-58.57,-34.76],[-58.57,-34.76],[-58.56,-34.76],[-58.56,-34.76],[-58.56,-34.76],[-58.55,-34.75],[-58.55,-34.75],[-58.55,-34.75],[-58.55,-34.76],[-58.54,-34.76],[-58.54,-34.75],[-58.54,-34.75],[-58.54,-34.75],[-58.53,-34.75],[-58.53,-34.74],[-58.52,-34.74],[-58.52,-34.75],[-58.52,-34.78],[-58.51,-34.81],[-58.5,-34.88],[-58.51,-34.9]]]]}},{"type":"Feature","id":"049","properties":{"nombre":"General Viamonte"},"geometry":{"type":"MultiPolygon","coordinates":[[[[-61.05,-34.69],[-60.99,-34.74],[-60.95,-34.77],[-60.92,-34.8],[-60.91,-34.81],[-60.87,-34.78],[-60.84,-34.77],[-60.83,-34.78],[-60.82,-34.79],[-60.8,-34.8],[-60.79,-34.81],[-60.77,-34.83],[-60.74,-34.85],[-60.73,-34.86],[-60.74,-34.88],[-60.75,-34.89],[-60.76,-34.89],[-60.78,-34.91],[-60.8,-34.92],[-60.81,-34.93],[-60.84,-34.96],[-60.84,-34.98],[-60.81,-35.0],[-60.79,-35.02],[-60.76,-35.04],[-60.79,-35.08],[-60.82,-35.1],[-60.84,-35.11],[-60.85,-35.13],[-60.87,-35.14],[-60.87,-35.15],[-60.9,-35.18],[-60.93,-35.2],[-60.96,-35.22],[-60.97,-35.23],[-60.99,-35.24],[-61.0,-35.23],[-61.04,-35.21],[-61.06,-35.19],[-61.07,-35.2],[-61.12,-35.23],[-61.16,-35.26],[-61.19,-35.24],[-61.23,-35.2],[-61.28,-35.17],[-61.32,-35.17],[-61.34,-35.15],[-61.38,-35.12],[-61.42,-35.09],[-61.36,-35.04],[-61.3,-34.99],[-61.26,-34.95],[-61.21,-34.91],[-61.19,-34.9],[-61.15,-34.87],[-61.13,-34.85],[-61.15,-34.83],[-61.18,-34.81],[-61.15,-34.78],[-61.13,-34.76],[-61.12,-34.75],[-61.09,-34.72],[-61.06,-34.71],[-61.05,-34.69]]]]}},{"type":"Feature","id":"058","properties":{"nombre":"Las Flores"},"geometry":{"type":"MultiPolygon","coordinates":[[[[-59.32,-36.36],[-59.45,-36.25],[-59.39,-36.13],[-59.57,-35.93],[-59.69,-35.83],[-59.67,-35.84],[-59.65,-35.86],[-59.63,-35.86],[-59.6,-35.86],[-59.57,-35.85],[-59.55,-35.84],[-59.53,-35.83],[-59.52,-35.83],[-59.49,-35.82],[-59.48,-35.81],[-59.46,-35.81],[-59.44,-35.81],[-59.42,-35.8],[-59.39,-35.81],[-59.36,-35.81],[-59.33,-35.8],[-59.31,-35.8],[-59.29,-35.8],[-59.27,-35.8],[-59.24,-35.79],[-59.22,-35.78],[-59.2,-35.77],[-59.18,-35.75],[-59.18,-35.72],[-59.16,-35.71],[-59.13,-35.7],[-59.14,-35.68],[-59.14,-35.67],[-59.0,-35.79],[-58.8,-35.91],[-58.82,-36.11],[-58.84,-36.14],[-58.89,-36.15],[-58.91,-36.17],[-58.96,-36.19],[-59.01,-36.21],[-59.02,-36.21],[-59.04,-36.22],[-59.05,-36.22],[-59.07,-36.22],[-59.08,-36.23],[-59.09,-36.24],[-59.1,-36.25],[-59.1,-36.26],[-59.1,-36.27],[-59.12,-36.28],[-59.15,-36.29],[-59.17,-36.29],[-59.17,-36.3],[-59.19,-36.31],[-59.21,-36.32],[-59.22,-36.32],[-59.23,-36.33],[-59.24,-36.34],[-59.26,-36.36],[-59.28,-36.36],[-59.29,-36.37],[-59.32,-36.36]]]]}},{"type":"Feature","id":"023","properties":{"nombre":"Coronel Pringles"},"geometry":{"type":"MultiPolygon","coordinates":[[[[-60.74,-38.33],[-60.74,-38.3],[-60.75,-38.26],[-60.74,-38.23],[-60.72,-38.22],[-60.73,-38.19],[-60.72,-38.17],[-60.72,-38.15],[-60.73,-38.14],[-60.73,-38.13],[-60.72,-38.12],[-60.7,-38.12],[-60.76,-38.0],[-61.13,-37.72],[-61.38,-37.84],[-61.66,-38.06],[-61.76,-38.18],[-61.77,-38.19],[-61.75,-38.21],[-61.74,-38.23],[-61.72,-38.25],[-61.71,-38.26],[-61.7,-38.28],[-61.72,-38.29],[-61.72,-38.31],[-61.73,-38.33],[-61.74,-38.36],[-61.75,-38.39],[-61.75,-38.41],[-61.77,-38.43],[-61.78,-38.44],[-61.78,-38.45],[-61.78,-38.46],[-61.79,-38.48],[-61.78,-38.49],[-61.79,-38.51],[-61.79,-38.53],[-61.79,-38.54],[-61.78,-38.56],[-61.78,-38.57],[-61.77,-38.58],[-61.75,-38.6],[-61.74,-38.62],[-61.73,-38.65],[-61.58,-38.54],[-61.33,-38.38],[-61.32,-38.39],[-61.15,-38.3],[-61.14,-38.31],[-61.12,-38.3],[-61.1,-38.3],[-61.08,-38.29],[-61.07,-38.3],[-61.05,-38.3],[-61.03,-38.3],[-61.01,-38.31],[-61.0,-38.31],[-60.96,-38.33],[-60.93,-38.36],[-60.9,-38.36],[-60.86,-38.38],[-60.74,-38.33]]]]}},{"type":"Feature","id":"060","properties":{"nombre":"Lincoln"},"geometry":{"type":"MultiPolygon","coordinates":[[[[-61.46,-35.32],[-61.43,-35.3],[-61.42,-35.29],[-61.41,-35.28],[-61.39,-35.26],[-61.36,-35.24],[-61.33,-35.21],[-61.31,-35.18],[-61.34,-35.15],[-61.39,-35.11],[-61.36,-35.04],[-61.28,-34.97],[-61.21,-34.91],[-61.17,-34.89],[-61.13,-34.85],[-61.16,-34.82],[-61.18,-34.76],[-61.22,-34.72],[-61.25,-34.67],[-61.35,-34.6],[-61.4,-34.65],[-61.45,-34.66],[-61.48,-34.63],[-61.56,-34.64],[-61.62,-34.66],[-61.68,-34.65],[-61.72,-34.64],[-61.77,-34.68],[-61.71,-34.73],[-61.71,-34.79],[-61.74,-34.82],[-61.8,-34.87],[-61.86,-34.92],[-61.9,-34.95],[-61.94,-34.92],[-62.02,-34.92],[-62.1,-34.98],[-62.14,-35.02],[-62.18,-35.06],[-62.18,-35.08],[-62.21,-35.1],[-62.25,-35.14],[-62.26,-35.14],[-62.25,-35.16],[-62.21,-35.2],[-62.2,-35.24],[-62.17,-35.26],[-62.15,-35.28],[-62.1,-35.33],[-62.04,-35.37],[-62.01,-35.4],[-61.98,-35.43],[-61.94,-35.46],[-61.83,-35.55],[-61.76,-35.57],[-61.73,-35.54],[-61.7,-35.51],[-61.65,-35.47],[-61.61,-35.45],[-61.57,-35.41],[-61.53,-35.38],[-61.48,-35.34],[-61.46,-35.32]]]]}},{"type":"Feature","id":"018","properties":{"nombre":"Carmen de Areco"},"geometry":{"type":"MultiPolygon","coordinates":[[[[-59.78,-34.22],[-59.75,-34.24],[-59.7,-34.28],[-59.7,-34.29],[-59.69,-34.3],[-59.69,-34.31],[-59.69,-34.33],[-59.69,-34.34],[-59.68,-34.37],[-59.68,-34.4],[-59.72,-34.43],[-59.73,-34.43],[-59.76,-34.45],[-59.75,-34.46],[-59.74,-34.48],[-59.75,-34.49],[-59.76,-34.5],[-59.76,-34.52],[-59.76,-34.52],[-59.78,-34.54],[-59.79,-34.55],[-59.81,-34.56],[-59.84,-34.59],[-59.87,-34.6],[-59.88,-34.61],[-59.88,-34.62],[-59.89,-34.61],[-59.9,-34.6],[-59.91,-34.6],[-59.92,-34.59],[-59.92,-34.57],[-59.91,-34.57],[-59.92,-34.55],[-59.93,-34.54],[-59.95,-34.53],[-59.99,-34.52],[-60.01,-34.54],[-60.02,-34.54],[-60.07,-34.51],[-60.09,-34.49],[-60.09,-34.46],[-60.14,-34.42],[-60.12,-34.4],[-60.1,-34.38],[-60.07,-34.38],[-60.04,-34.36],[-60.03,-34.35],[-60.0,-34.33],[-60.0,-34.31],[-59.98,-34.3],[-59.96,-34.28],[-59.95,-34.27],[-59.94,-34.27],[-59.93,-34.26],[-59.91,-34.24],[-59.9,-34.24],[-59.89,-34.24],[-59.89,-34.25],[-59.87,-34.26],[-59.86,-34.26],[-59.84,-34.25],[-59.83,-34.24],[-59.81,-34.23],[-59.81,-34.23],[-59.79,-34.22],[-59.78,-34.22]]]]}},{"type":"Feature","id":"102","properties":{"nombre":"Suipacha"},"geometry":{"type":"MultiPolygon","coordinates":[[[[-59.75,-34.52],[-59.7,-34.56],[-59.68,-34.59],[-59.72,-34.62],[-59.66,-34.66],[-59.62,-34.69],[-59.59,-34.72],[-59.58,-34.72],[-59.56,-34.74],[-59.53,-34.76],[-59.52,-34.78],[-59.49,-34.8],[-59.52,-34.83],[-59.49,-34.85],[-59.5,-34.89],[-59.57,-34.92],[-59.63,-34.96],[-59.66,-34.94],[-59.66,-34.93],[-59.67,-34.93],[-59.67,-34.93],[-59.67,-34.93],[-59.67,-34.93],[-59.68,-34.92],[-59.68,-34.92],[-59.68,-34.92],[-59.68,-34.92],[-59.68,-34.92],[-59.68,-34.92],[-59.69,-34.91],[-59.69,-34.91],[-59.69,-34.91],[-59.69,-34.91],[-59.69,-34.9],[-59.7,-34.9],[-59.7,-34.9],[-59.7,-34.9],[-59.71,-34.89],[-59.72,-34.89],[-59.72,-34.88],[-59.73,-34.88],[-59.73,-34.88],[-59.74,-34.88],[-59.74,-34.88],[-59.75,-34.87],[-59.75,-34.87],[-59.76,-34.86],[-59.76,-34.86],[-59.76,-34.85],[-59.77,-34.85],[-59.77,-34.84],[-59.78,-34.84],[-59.79,-34.83],[-59.79,-34.83],[-59.8,-34.83],[-59.8,-34.82],[-59.8,-34.81],[-59.81,-34.81],[-59.8,-34.78],[-59.83,-34.76],[-59.9,-34.7],[-59.94,-34.67],[-59.91,-34.64],[-59.88,-34.62],[-59.86,-34.6],[-59.81,-34.56],[-59.77,-34.53],[-59.75,-34.52]]]]}},{"type":"Feature","id":"111","properties":{"nombre":"Villarino"},"geometry":{"type":"MultiPolygon","coordinates":[[[[-62.0,-39.01],[-62.0,-39.01],[-62.0,-39.01],[-62.0,-39.01],[-62.0,-39.01],[-62.0,-39.01],[-62.0,-39.01],[-62.0,-39.01],[-62.0,-39.01],[-62.0,-39.01],[-62.0,-39.01],[-62.0,-39.01],[-62.0,-39.01]]],[[[-62.13,-38.99],[-62.13,-38.99],[-62.12,-38.99],[-62.12,-38.99],[-62.12,-38.99],[-62.12,-38.99],[-62.12,-38.99],[-62.12,-38.99],[-62.12,-38.99],[-62.12,-38.99],[-62.13,-38.99],[-62.13,-38.99],[-62.13,-38.99],[-62.13,-38.99],[-62.13,-38.99],[-62.13,-38.99],[-62.13,-38.99],[-62.13,-38.99],[-62.13,-38.99],[-62.13,-38.99],[-62.13,-38.99],[-62.13,-38.99],[-62.13,-38.99],[-62.13,-38.99],[-62.13,-38.99],[-62.13,-38.99],[-62.13,-38.99],[-62.13,-38.99],[-62.13,-38.99],[-62.13,-38.99],[-62.13,-38.99],[-62.13,-38.99],[-62.13,-38.99],[-62.13,-38.99],[-62.13,-38.99],[-62.13,-38.99],[-62.13,-38.99],[-62.13,-38.99],[-62.13,-38.99],[-62.13,-38.99],[-62.13,-38.99],[-62.13,-38.99],[-62.13,-38.99],[-62.13,-38.99],[-62.13,-38.99],[-62.13,-38.99],[-62.13,-38.99],[-62.13,-38.99],[-62.13,-38.99],[-62.13,-38.99],[-62.13,-38.99],[-62.13,-38.99],[-62.13,-38.99],[-62.13,-38.99],[-62.13,-38.99],[-62.13,-38.99],[-62.13,-38.99],[-62.13,-38.99],[-62.13,-38.99],[-62.13,-38.99],[-62.13,-38.99],[-62.13,-38.99],[-62.13,-38.99],[-62.13,-38.99],[-62.13,-38.99],[-62.13,-38.99],[-62.13,-38.99],[-62.13,-38.99],[-62.13,-38.99]]],[[[-62.34,-38.8],[-62.34,-38.8],[-62.34,-38.8],[-62.34,-38.8],[-62.34,-38.8],[-62.34,-38.8],[-62.34,-38.8],[-62.34,-38.81],[-62.33,-38.81],[-62.33,-38.81],[-62.33,-38.81],[-62.33,-38.81],[-62.33,-38.81],[-62.33,-38.81],[-62.33,-38.81],[-62.33,-38.81],[-62.33,-38.81],[-62.32,-38.81],[-62.32,-38.81],[-62.32,-38.81],[-62.32,-38.81],[-62.32,-38.81],[-62.32,-38.81],[-62.32,-38.81],[-62.32,-38.81],[-62.32,-38.81],[-62.32,-38.81],[-62.32,-38.81],[-62.32,-38.81],[-62.32,-38.81],[-62.32,-38.81],[-62.33,-38.81],[-62.33,-38.81],[-62.33,-38.81],[-62.33,-38.81],[-62.33,-38.81],[-62.33,-38.81],[-62.33,-38.81],[-62.33,-38.82],[-62.33,-38.82],[-62.33,-38.82],[-62.33,-38.82],[-62.33,-38.82],[-62.33,-38.82],[-62.33,-38.82],[-62.34,-38.82],[-62.34,-38.82],[-62.34,-38.82],[-62.34,-38.82],[-62.34,-38.82],[-62.34,-38.82],[-62.34,-38.82],[-62.34,-38.82],[-62.34,-38.82],[-62.34,-38.82],[-62.34,-38.82],[-62.34,-38.82],[-62.34,-38.82],[-62.34,-38.82],[-62.34,-38.82],[-62.34,-38.82],[-62.34,-38.82],[-62.34,-38.82],[-62.34,-38.82],[-62.34,-38.82],[-62.35,-38.82],[-62.35,-38.82],[-62.35,-38.82],[-62.35,-38.82],[-62.35,-38.81],[-62.35,-38.81],[-62.35,-38.81],[-62.35,-38.81],[-62.35,-38.81],[-62.35,-38.81],[-62.35,-38.81],[-62.35,-38.81],[-62.35,-38.81],[-62.35,-38.81],[-62.35,-38.81],[-62.35,-38.8],[-62.35,-38.8],[-62.35,-38.8],[-62.35,-38.8],[-62.34,-38.8]]],[[[-62.04,-39.0],[-62.04,-39.0],[-62.04,-39.0],[-62.04,-39.0],[-62.04,-39.0],[-62.04,-39.0],[-62.04,-39.0],[-62.04,-39.0],[-62.04,-39.0],[-62.04,-39.0],[-62.04,-39.0],[-62.04,-39.0],[-62.04,-39.0],[-62.04,-39.0],[-62.04,-39.0]]],[[[-62.18,-39.28],[-62.17,-39.28],[-62.17,-39.29],[-62.16,-39.29],[-62.16,-39.29],[-62.15,-39.29],[-62.15,-39.29],[-62.14,-39.29],[-62.14,-39.29],[-62.13,-39.29],[-62.13,-39.29],[-62.13,-39.29],[-62.13,-39.29],[-62.12,-39.29],[-62.12,-39.3],[-62.11,-39.3],[-62.11,-39.3],[-62.11,-39.3],[-62.1,-39.3],[-62.1,-39.3],[-62.1,-39.31],[-62.09,-39.31],[-62.09,-39.31],[-62.08,-39.31],[-62.08,-39.31],[-62.08,-39.32],[-62.07,-39.32],[-62.07,-39.32],[-62.06,-39.32],[-62.06,-39.32],[-62.06,-39.33],[-62.05,-39.33],[-62.05,-39.34],[-62.03,-39.35],[-62.02,-39.36],[-62.01,-39.37],[-62.01,-39.39],[-62.02,-39.39],[-62.03,-39.4],[-62.06,-39.39],[-62.09,-39.39],[-62.1,-39.38],[-62.13,-39.36],[-62.14,-39.35],[-62.16,-39.34],[-62.17,-39.33],[-62.17,-39.33],[-62.17,-39.32],[-62.17,-39.32],[-62.17,-39.31],[-62.18,-39.31],[-62.18,-39.31],[-62.18,-39.3],[-62.18,-39.3],[-62.18,-39.29],[-62.18,-39.29],[-62.18,-39.29],[-62.17,-39.29],[-62.18,-39.29],[-62.18,-39.29],[-62.18,-39.29],[-62.18,-39.29],[-62.18,-39.28]]],[[[-62.25,-39.18],[-62.25,-39.18],[-62.25,-39.18],[-62.25,-39.18],[-62.24,-39.18],[-62.24,-39.18],[-62.24,-39.18],[-62.24,-39.18],[-62.24,-39.18],[-62.24,-39.18],[-62.24,-39.19],[-62.24,-39.19],[-62.24,-39.19],[-62.23,-39.19],[-62.23,-39.19],[-62.23,-39.19],[-62.23,-39.19],[-62.23,-39.19],[-62.23,-39.19],[-62.23,-39.19],[-62.23,-39.19],[-62.23,-39.19],[-62.23,-39.19],[-62.22,-39.19],[-62.22,-39.19],[-62.22,-39.19],[-62.22,-39.19],[-62.22,-39.19],[-62.22,-39.2],[-62.22,-39.2],[-62.22,-39.2],[-62.22,-39.2],[-62.22,-39.2],[-62.22,-39.2],[-62.22,-39.2],[-62.22,-39.2],[-62.23,-39.2],[-62.23,-39.2],[-62.23,-39.2],[-62.23,-39.2],[-62.23,-39.2],[-62.23,-39.2],[-62.23,-39.2],[-62.23,-39.2],[-62.23,-39.2],[-62.23,-39.2],[-62.24,-39.2],[-62.24,-39.2],[-62.24,-39.2],[-62.24,-39.19],[-62.24,-39.19],[-62.24,-39.19],[-62.24,-39.19],[-62.24,-39.19],[-62.25,-39.19],[-62.25,-39.19],[-62.25,-39.19],[-62.25,-39.19],[-62.25,-39.19],[-62.25,-39.19],[-62.25,-39.19],[-62.25,-39.19],[-62.25,-39.19],[-62.25,-39.18],[-62.25,-39.18],[-62.25,-39.18],[-62.25,-39.18],[-62.25,-39.18],[-62.25,-39.18],[-62.25,-39.18],[-62.25,-39.18],[-62.25,-39.18],[-62.25,-39.18],[-62.25,-39.18],[-62.25,-39.18]]],[[[-62.02,-39.24],[-62.02,-39.24],[-62.02,-39.24],[-62.02,-39.24],[-62.02,-39.24],[-62.01,-39.24],[-62.01,-39.24],[-62.01,-39.24],[-62.01,-39.24],[-62.01,-39.24],[-62.01,-39.24],[-62.01,-39.24],[-62.0,-39.24],[-62.0,-39.24],[-62.0,-39.24],[-62.0,-39.24],[-62.0,-39.24],[-62.0,-39.24],[-62.0,-39.25],[-61.99,-39.25],[-61.99,-39.25],[-62.0,-39.26],[-62.0,-39.26],[-62.0,-39.26],[-62.0,-39.26],[-62.0,-39.26],[-62.01,-39.26],[-62.01,-39.26],[-62.01,-39.26],[-62.01,-39.26],[-62.01,-39.26],[-62.01,-39.26],[-62.01,-39.26],[-62.02,-39.26],[-62.02,-39.26],[-62.02,-39.26],[-62.02,-39.26],[-62.02,-39.26],[-62.02,-39.26],[-62.02,-39.26],[-62.02,-39.26],[-62.03,-39.26],[-62.03,-39.26],[-62.03,-39.26],[-62.03,-39.25],[-62.03,-39.25],[-62.03,-39.25],[-62.03,-39.25],[-62.03,-39.25],[-62.03,-39.25],[-62.03,-39.25],[-62.03,-39.25],[-62.03,-39.25],[-62.03,-39.25],[-62.03,-39.25],[-62.03,-39.24],[-62.03,-39.24],[-62.03,-39.24],[-62.03,-39.24],[-62.03,-39.24],[-62.02,-39.24],[-62.02,-39.24],[-62.02,-39.24]]],[[[-62.16,-39.19],[-62.15,-39.2],[-62.15,-39.2],[-62.15,-39.2],[-62.14,-39.2],[-62.14,-39.2],[-62.13,-39.2],[-62.13,-39.2],[-62.12,-39.2],[-62.12,-39.21],[-62.12,-39.21],[-62.11,-39.21],[-62.11,-39.21],[-62.1,-39.21],[-62.1,-39.21],[-62.1,-39.22],[-62.09,-39.22],[-62.09,-39.22],[-62.09,-39.22],[-62.08,-39.22],[-62.08,-39.23],[-62.08,-39.23],[-62.08,-39.23],[-62.08,-39.24],[-62.08,-39.24],[-62.07,-39.24],[-62.07,-39.24],[-62.07,-39.23],[-62.07,-39.23],[-62.07,-39.24],[-62.07,-39.24],[-62.07,-39.24],[-62.06,-39.24],[-62.06,-39.25],[-62.06,-39.25],[-62.06,-39.25],[-62.07,-39.25],[-62.07,-39.25],[-62.08,-39.25],[-62.08,-39.25],[-62.09,-39.25],[-62.09,-39.25],[-62.09,-39.25],[-62.1,-39.25],[-62.1,-39.25],[-62.11,-39.24],[-62.11,-39.24],[-62.12,-39.24],[-62.12,-39.24],[-62.12,-39.24],[-62.13,-39.23],[-62.13,-39.23],[-62.13,-39.23],[-62.13,-39.23],[-62.14,-39.22],[-62.14,-39.22],[-62.14,-39.22],[-62.15,-39.21],[-62.15,-39.21],[-62.15,-39.21],[-62.16,-39.2],[-62.16,-39.2],[-62.16,-39.2],[-62.16,-39.19]]],[[[-62.05,-39.08],[-62.05,-39.08],[-62.04,-39.08],[-62.04,-39.08],[-62.03,-39.08],[-62.02,-39.09],[-62.01,-39.09],[-62.01,-39.09],[-62.0,-39.09],[-61.98,-39.09],[-61.94,-39.09],[-61.88,-39.11],[-61.87,-39.15],[-61.85,-39.18],[-61.85,-39.21],[-61.85,-39.24],[-61.87,-39.24],[-61.91,-39.21],[-61.93,-39.2],[-61.95,-39.18],[-61.95,-39.19],[-61.96,-39.18],[-61.97,-39.18],[-61.98,-39.18],[-62.0,-39.17],[-62.02,-39.17],[-62.02,-39.16],[-62.02,-39.15],[-62.03,-39.16],[-62.04,-39.16],[-62.05,-39.16],[-62.05,-39.15],[-62.06,-39.15],[-62.06,-39.15],[-62.07,-39.15],[-62.07,-39.14],[-62.07,-39.14],[-62.07,-39.13],[-62.07,-39.13],[-62.07,-39.13],[-62.07,-39.13],[-62.06,-39.14],[-62.06,-39.14],[-62.06,-39.13],[-62.07,-39.13],[-62.07,-39.12],[-62.07,-39.12],[-62.07,-39.12],[-62.07,-39.11],[-62.07,-39.11],[-62.08,-39.11],[-62.08,-39.1],[-62.08,-39.1],[-62.08,-39.1],[-62.08,-39.09],[-62.08,-39.09],[-62.08,-39.08],[-62.08,-39.08],[-62.07,-39.08],[-62.07,-39.08],[-62.06,-39.08],[-62.05,-39.08]]],[[[-62.02,-39.03],[-62.01,-39.03],[-62.01,-39.03],[-62.01,-39.03],[-62.02,-39.03],[-62.01,-39.03],[-62.01,-39.03],[-62.01,-39.03],[-62.01,-39.03],[-62.01,-39.03],[-62.01,-39.03],[-62.01,-39.03],[-62.01,-39.03],[-62.01,-39.03],[-62.01,-39.03],[-62.01,-39.03],[-62.01,-39.03],[-62.01,-39.03],[-62.01,-39.03],[-62.01,-39.03],[-62.01,-39.03],[-62.01,-39.03],[-62.01,-39.03],[-62.01,-39.03],[-62.01,-39.03],[-62.01,-39.03],[-62.01,-39.03],[-62.01,-39.03],[-62.01,-39.03],[-62.01,-39.03],[-62.01,-39.03],[-62.01,-39.03],[-62.01,-39.04],[-62.01,-39.04],[-62.01,-39.04],[-62.01,-39.04],[-62.01,-39.04],[-62.01,-39.04],[-62.01,-39.04],[-62.01,-39.04],[-62.01,-39.04],[-62.01,-39.04],[-62.01,-39.04],[-62.01,-39.04],[-62.01,-39.04],[-62.01,-39.04],[-62.01,-39.04],[-62.01,-39.04],[-62.01,-39.04],[-62.01,-39.04],[-62.01,-39.04],[-62.01,-39.04],[-62.01,-39.04],[-62.01,-39.04],[-62.01,-39.04],[-62.01,-39.04],[-62.01,-39.04],[-62.01,-39.04],[-62.02,-39.04],[-62.02,-39.04],[-62.02,-39.04],[-62.02,-39.04],[-62.02,-39.04],[-62.02,-39.04],[-62.02,-39.04],[-62.02,-39.04],[-62.02,-39.04],[-62.02,-39.04],[-62.02,-39.04],[-62.02,-39.04],[-62.02,-39.04],[-62.02,-39.04],[-62.02,-39.04],[-62.02,-39.04],[-62.02,-39.04],[-62.02,-39.04],[-62.02,-39.04],[-62.02,-39.04],[-62.02,-39.04],[-62.02,-39.04],[-62.02,-39.04],[-62.02,-39.04],[-62.02,-39.03],[-62.02,-39.03],[-62.02,-39.03],[-62.02,-39.03],[-62.02,-39.03],[-62.02,-39.03],[-62.02,-39.03],[-62.02,-39.03],[-62.02,-39.03],[-62.02,-39.03],[-62.02,-39.03],[-62.02,-39.03],[-62.02,-39.03],[-62.02,-39.03],[-62.02,-39.03],[-62.02,-39.03],[-62.02,-39.03],[-62.02,-39.03],[-62.02,-39.03]]],[[[-62.02,-39.04],[-62.02,-39.04],[-62.02,-39.04],[-62.02,-39.04],[-62.02,-39.04],[-62.02,-39.04],[-62.02,-39.04],[-62.02,-39.04],[-62.02,-39.04],[-62.02,-39.04],[-62.02,-39.04],[-62.02,-39.04],[-62.02,-39.04],[-62.02,-39.04],[-62.02,-39.04],[-62.02,-39.04],[-62.02,-39.04],[-62.02,-39.04],[-62.02,-39.04],[-62.02,-39.04],[-62.02,-39.04],[-62.02,-39.04],[-62.02,-39.04],[-62.02,-39.04],[-62.02,-39.04],[-62.02,-39.04],[-62.02,-39.04],[-62.02,-39.04],[-62.02,-39.04],[-62.02,-39.04],[-62.02,-39.04],[-62.02,-39.04],[-62.02,-39.04],[-62.02,-39.04],[-62.02,-39.04],[-62.02,-39.04],[-62.02,-39.04],[-62.02,-39.04],[-62.02,-39.04],[-62.02,-39.04],[-62.02,-39.04],[-62.02,-39.04],[-62.02,-39.04],[-62.02,-39.04]]],[[[-62.02,-39.04],[-62.02,-39.04],[-62.02,-39.04],[-62.02,-39.04],[-62.02,-39.04],[-62.02,-39.04],[-62.02,-39.04],[-62.02,-39.04],[-62.02,-39.04],[-62.02,-39.04],[-62.02,-39.04],[-62.02,-39.04],[-62.02,-39.04],[-62.02,-39.04],[-62.02,-39.04],[-62.02,-39.04],[-62.02,-39.04],[-62.02,-39.04],[-62.02,-39.05],[-62.02,-39.05],[-62.02,-39.05],[-62.02,-39.05],[-62.02,-39.05],[-62.02,-39.05],[-62.02,-39.05],[-62.02,-39.05],[-62.02,-39.05],[-62.02,-39.05],[-62.02,-39.05],[-62.02,-39.05],[-62.02,-39.05],[-62.02,-39.05],[-62.02,-39.05],[-62.02,-39.05],[-62.02,-39.05],[-62.02,-39.05],[-62.02,-39.05],[-62.02,-39.05],[-62.03,-39.05],[-62.03,-39.05],[-62.03,-39.05],[-62.03,-39.05],[-62.03,-39.05],[-62.03,-39.05],[-62.03,-39.05],[-62.03,-39.04],[-62.03,-39.04],[-62.03,-39.04],[-62.03,-39.04],[-62.03,-39.04],[-62.03,-39.04],[-62.03,-39.04],[-62.02,-39.04],[-62.02,-39.04],[-62.02,-39.04],[-62.02,-39.04]]],[[[-62.03,-39.03],[-62.03,-39.03],[-62.03,-39.03],[-62.03,-39.03],[-62.03,-39.03],[-62.03,-39.03],[-62.03,-39.03],[-62.03,-39.04],[-62.02,-39.04],[-62.02,-39.03],[-62.02,-39.03],[-62.02,-39.03],[-62.02,-39.03],[-62.02,-39.03],[-62.02,-39.03],[-62.02,-39.03],[-62.02,-39.03],[-62.02,-39.03],[-62.02,-39.03],[-62.02,-39.03],[-62.02,-39.03],[-62.02,-39.03],[-62.02,-39.04],[-62.02,-39.04],[-62.02,-39.04],[-62.02,-39.04],[-62.02,-39.04],[-62.02,-39.04],[-62.02,-39.04],[-62.03,-39.04],[-62.03,-39.04],[-62.03,-39.04],[-62.03,-39.04],[-62.03,-39.04],[-62.03,-39.04],[-62.03,-39.04],[-62.03,-39.04],[-62.03,-39.04],[-62.03,-39.04],[-62.03,-39.04],[-62.03,-39.04],[-62.03,-39.04],[-62.03,-39.04],[-62.03,-39.04],[-62.03,-39.04],[-62.03,-39.04],[-62.03,-39.04],[-62.03,-39.04],[-62.03,-39.04],[-62.03,-39.04],[-62.03,-39.04],[-62.03,-39.04],[-62.03,-39.04],[-62.03,-39.04],[-62.03,-39.04],[-62.03,-39.04],[-62.03,-39.04],[-62.03,-39.03],[-62.03,-39.03],[-62.03,-39.03],[-62.03,-39.03],[-62.03,-39.03],[-62.03,-39.03],[-62.03,-39.03],[-62.03,-39.03],[-62.03,-39.03],[-62.03,-39.03],[-62.03,-39.03],[-62.03,-39.03],[-62.03,-39.03],[-62.03,-39.03]]],[[[-62.03,-39.03],[-62.02,-39.03],[-62.02,-39.03],[-62.02,-39.03],[-62.03,-39.03],[-62.03,-39.03],[-62.03,-39.03],[-62.03,-39.03],[-62.03,-39.03],[-62.03,-39.03],[-62.03,-39.03],[-62.03,-39.03]]],[[[-62.02,-39.03],[-62.02,-39.03],[-62.02,-39.03],[-62.02,-39.03],[-62.02,-39.03],[-62.02,-39.03],[-62.02,-39.03],[-62.02,-39.03],[-62.02,-39.03],[-62.02,-39.03],[-62.02,-39.03],[-62.02,-39.03],[-62.02,-39.03],[-62.02,-39.03],[-62.02,-39.03],[-62.02,-39.03],[-62.02,-39.03],[-62.02,-39.03],[-62.02,-39.03],[-62.02,-39.03],[-62.02,-39.03],[-62.02,-39.03],[-62.02,-39.03],[-62.02,-39.03],[-62.02,-39.03],[-62.02,-39.03],[-62.02,-39.03],[-62.02,-39.03],[-62.02,-39.03],[-62.02,-39.03],[-62.02,-39.03],[-62.02,-39.03],[-62.02,-39.03],[-62.02,-39.03],[-62.02,-39.03],[-62.02,-39.03],[-62.02,-39.03],[-62.02,-39.03],[-62.02,-39.03],[-62.02,-39.03],[-62.02,-39.03],[-62.02,-39.03]]],[[[-62.0,-39.03],[-62.0,-39.03],[-62.0,-39.03],[-62.0,-39.03],[-62.0,-39.03],[-62.0,-39.03],[-62.0,-39.03],[-62.0,-39.03],[-62.0,-39.03],[-62.0,-39.03],[-62.0,-39.03],[-62.0,-39.04],[-62.0,-39.04],[-62.0,-39.04],[-62.0,-39.04],[-62.0,-39.04],[-62.0,-39.04],[-62.0,-39.04],[-62.0,-39.04],[-62.0,-39.04],[-62.0,-39.04],[-62.0,-39.04],[-62.0,-39.04],[-62.0,-39.04],[-62.0,-39.04],[-62.0,-39.04],[-62.0,-39.04],[-62.01,-39.04],[-62.01,-39.04],[-62.01,-39.04],[-62.01,-39.04],[-62.01,-39.04],[-62.01,-39.04],[-62.01,-39.04],[-62.01,-39.04],[-62.01,-39.04],[-62.01,-39.04],[-62.01,-39.03],[-62.01,-39.03],[-62.01,-39.03],[-62.01,-39.03],[-62.01,-39.03],[-62.01,-39.03],[-62.01,-39.03],[-62.01,-39.03],[-62.01,-39.03],[-62.01,-39.03],[-62.01,-39.03],[-62.01,-39.03],[-62.01,-39.03],[-62.01,-39.03],[-62.01,-39.03],[-62.01,-39.03],[-62.0,-39.03],[-62.0,-39.03],[-62.0,-39.03],[-62.0,-39.03],[-62.0,-39.03],[-62.0,-39.03]]],[[[-62.0,-39.02],[-62.0,-39.02],[-61.99,-39.03],[-61.99,-39.03],[-61.99,-39.03],[-61.99,-39.03],[-61.99,-39.03],[-61.99,-39.03],[-61.99,-39.03],[-61.99,-39.03],[-61.99,-39.03],[-61.99,-39.03],[-61.99,-39.03],[-61.99,-39.03],[-61.99,-39.03],[-61.99,-39.03],[-61.99,-39.03],[-61.99,-39.03],[-61.99,-39.03],[-61.99,-39.03],[-61.99,-39.03],[-61.99,-39.03],[-61.99,-39.03],[-61.99,-39.03],[-61.99,-39.03],[-61.99,-39.03],[-61.99,-39.03],[-61.99,-39.03],[-61.99,-39.03],[-61.99,-39.03],[-61.99,-39.03],[-61.99,-39.03],[-61.99,-39.03],[-61.99,-39.03],[-61.99,-39.03],[-61.99,-39.03],[-61.99,-39.03],[-61.99,-39.03],[-61.99,-39.03],[-61.99,-39.03],[-61.99,-39.03],[-61.99,-39.03],[-61.99,-39.03],[-61.99,-39.03],[-61.99,-39.03],[-61.99,-39.03],[-61.99,-39.03],[-61.99,-39.03],[-61.99,-39.03],[-61.99,-39.04],[-61.99,-39.04],[-61.99,-39.04],[-61.99,-39.04],[-61.99,-39.04],[-61.99,-39.03],[-61.99,-39.03],[-61.99,-39.03],[-62.0,-39.03],[-62.0,-39.03],[-62.0,-39.03],[-62.0,-39.03],[-62.0,-39.03],[-62.0,-39.03],[-62.0,-39.03],[-62.0,-39.03],[-62.0,-39.03],[-62.0,-39.03],[-62.0,-39.03],[-62.0,-39.03],[-62.0,-39.03],[-62.0,-39.03],[-62.0,-39.03],[-62.0,-39.03],[-62.0,-39.03],[-62.0,-39.03],[-62.0,-39.03],[-62.0,-39.03],[-62.0,-39.02],[-62.0,-39.02],[-62.0,-39.02],[-62.0,-39.02]]],[[[-62.01,-39.02],[-62.01,-39.02],[-62.01,-39.02],[-62.01,-39.02],[-62.0,-39.02],[-62.0,-39.03],[-62.0,-39.03],[-62.0,-39.03],[-62.0,-39.03],[-62.0,-39.03],[-62.0,-39.03],[-62.0,-39.03],[-62.0,-39.03],[-62.0,-39.03],[-62.0,-39.03],[-62.0,-39.03],[-62.01,-39.03],[-62.01,-39.03],[-62.01,-39.03],[-62.01,-39.03],[-62.01,-39.03],[-62.01,-39.03],[-62.01,-39.03],[-62.01,-39.03],[-62.01,-39.03],[-62.01,-39.03],[-62.01,-39.03],[-62.01,-39.03],[-62.01,-39.03],[-62.01,-39.03],[-62.01,-39.02],[-62.01,-39.02],[-62.01,-39.02],[-62.01,-39.02],[-62.01,-39.02],[-62.01,-39.02]]],[[[-62.01,-39.02],[-62.01,-39.02],[-62.01,-39.02],[-62.01,-39.02],[-62.01,-39.02],[-62.01,-39.02],[-62.01,-39.02],[-62.01,-39.02],[-62.01,-39.02],[-62.01,-39.02],[-62.01,-39.02],[-62.01,-39.02],[-62.01,-39.02],[-62.01,-39.02],[-62.01,-39.02],[-62.01,-39.02],[-62.01,-39.02],[-62.01,-39.02]]],[[[-62.01,-39.02],[-62.01,-39.02],[-62.01,-39.02],[-62.01,-39.02],[-62.01,-39.02],[-62.01,-39.02],[-62.01,-39.02],[-62.01,-39.02],[-62.01,-39.02],[-62.01,-39.02],[-62.01,-39.02],[-62.01,-39.02],[-62.01,-39.02],[-62.01,-39.02]]],[[[-62.0,-39.02],[-62.0,-39.02],[-62.0,-39.02],[-62.0,-39.02],[-62.0,-39.02],[-62.0,-39.02],[-62.0,-39.02],[-62.0,-39.02],[-62.0,-39.02],[-62.0,-39.02],[-62.0,-39.02],[-62.0,-39.02],[-62.0,-39.02],[-62.0,-39.02],[-62.0,-39.02],[-62.0,-39.02]]],[[[-62.0,-39.02],[-62.0,-39.02],[-62.0,-39.02],[-62.0,-39.02],[-62.0,-39.02],[-62.0,-39.02],[-62.0,-39.02],[-62.0,-39.02],[-62.0,-39.02],[-62.0,-39.02],[-62.0,-39.02],[-62.0,-39.02],[-62.0,-39.02],[-62.0,-39.02],[-62.0,-39.02],[-62.0,-39.02],[-62.0,-39.02],[-62.0,-39.02],[-62.0,-39.02],[-62.0,-39.02],[-62.0,-39.02],[-62.0,-39.02],[-62.0,-39.02],[-62.0,-39.02],[-62.0,-39.02],[-62.0,-39.02],[-62.0,-39.02],[-62.0,-39.02],[-62.0,-39.02],[-62.0,-39.02],[-62.0,-39.02],[-62.0,-39.02],[-62.0,-39.02],[-62.0,-39.02],[-62.0,-39.02],[-62.0,-39.02],[-62.0,-39.02],[-62.0,-39.02]]],[[[-61.98,-39.02],[-61.98,-39.02],[-61.98,-39.02],[-61.98,-39.02],[-61.98,-39.02],[-61.98,-39.03],[-61.98,-39.03],[-61.98,-39.03],[-61.98,-39.03],[-61.98,-39.03],[-61.98,-39.03],[-61.98,-39.03],[-61.98,-39.03],[-61.98,-39.02],[-61.98,-39.02],[-61.98,-39.02],[-61.98,-39.02],[-61.98,-39.02],[-61.98,-39.02],[-61.98,-39.02]]],[[[-61.99,-39.02],[-61.99,-39.02],[-61.99,-39.02],[-61.99,-39.02],[-61.99,-39.02],[-61.99,-39.02],[-61.99,-39.02],[-61.99,-39.02],[-61.99,-39.02],[-61.99,-39.02],[-61.99,-39.02],[-61.99,-39.02],[-61.99,-39.03],[-61.99,-39.03],[-61.99,-39.03],[-61.99,-39.03],[-61.99,-39.03],[-61.99,-39.02],[-61.99,-39.02],[-61.99,-39.02],[-61.99,-39.02],[-61.99,-39.02],[-61.99,-39.02],[-61.99,-39.02],[-61.99,-39.02],[-61.99,-39.02],[-61.99,-39.02],[-61.99,-39.02],[-61.99,-39.02],[-61.99,-39.02],[-61.99,-39.02],[-61.99,-39.02],[-61.99,-39.02],[-61.99,-39.02],[-61.99,-39.02]]],[[[-62.01,-39.01],[-62.01,-39.01],[-62.01,-39.01],[-62.01,-39.01],[-62.01,-39.01],[-62.0,-39.01],[-62.0,-39.01],[-62.01,-39.01],[-62.01,-39.01],[-62.01,-39.01],[-62.01,-39.01],[-62.01,-39.01],[-62.01,-39.01],[-62.01,-39.01],[-62.01,-39.01],[-62.01,-39.01],[-62.01,-39.01],[-62.01,-39.01],[-62.01,-39.01]]],[[[-62.08,-38.99],[-62.08,-38.99],[-62.08,-38.99],[-62.08,-38.99],[-62.08,-38.99],[-62.08,-38.99],[-62.08,-38.99],[-62.08,-38.99],[-62.08,-38.99],[-62.08,-38.99],[-62.08,-38.99],[-62.08,-38.99],[-62.08,-38.99],[-62.08,-38.99],[-62.08,-38.99],[-62.08,-38.99],[-62.08,-38.99],[-62.08,-38.99],[-62.08,-38.99],[-62.08,-38.99],[-62.08,-38.99],[-62.08,-38.99],[-62.08,-38.99],[-62.08,-38.99],[-62.08,-38.99],[-62.08,-38.99],[-62.08,-38.99],[-62.08,-38.99],[-62.08,-38.99],[-62.08,-38.99],[-62.08,-38.99],[-62.08,-38.99],[-62.08,-38.99],[-62.08,-38.99],[-62.08,-38.99],[-62.08,-38.99],[-62.08,-38.99]]],[[[-62.08,-38.99],[-62.08,-38.99],[-62.08,-38.99],[-62.08,-38.99],[-62.08,-38.99],[-62.08,-38.99],[-62.08,-38.99],[-62.08,-38.99],[-62.08,-38.99],[-62.08,-38.99],[-62.08,-38.99],[-62.08,-38.99],[-62.08,-38.99],[-62.08,-38.99],[-62.08,-38.99],[-62.08,-38.99],[-62.08,-38.99],[-62.08,-38.99],[-62.08,-38.99],[-62.08,-38.99],[-62.08,-38.99],[-62.08,-38.99],[-62.08,-38.99],[-62.08,-38.99],[-62.08,-38.99],[-62.08,-38.99],[-62.08,-38.99],[-62.08,-38.99]]],[[[-62.08,-38.99],[-62.08,-38.99],[-62.08,-38.99],[-62.08,-38.99],[-62.08,-38.99],[-62.08,-38.99],[-62.08,-38.99],[-62.08,-38.99],[-62.08,-38.99],[-62.08,-38.99],[-62.08,-38.99],[-62.08,-38.99],[-62.08,-38.99],[-62.08,-38.99],[-62.08,-38.99],[-62.08,-38.99],[-62.08,-38.99],[-62.09,-38.99],[-62.09,-38.99],[-62.09,-38.99],[-62.09,-38.99],[-62.09,-38.99],[-62.09,-38.99],[-62.09,-38.99],[-62.09,-38.99],[-62.09,-38.99],[-62.09,-38.99],[-62.09,-39.0],[-62.09,-39.0],[-62.09,-39.0],[-62.09,-39.0],[-62.09,-39.0],[-62.09,-39.0],[-62.09,-39.0],[-62.09,-39.0],[-62.09,-39.0],[-62.09,-39.0],[-62.09,-38.99],[-62.09,-38.99],[-62.09,-38.99],[-62.09,-38.99],[-62.09,-38.99],[-62.09,-38.99],[-62.09,-38.99],[-62.09,-38.99],[-62.09,-38.99],[-62.09,-38.99],[-62.09,-38.99],[-62.09,-38.99],[-62.09,-38.99],[-62.09,-38.99],[-62.09,-38.99],[-62.09,-38.99],[-62.09,-38.99],[-62.09,-38.99],[-62.09,-38.99],[-62.09,-38.99],[-62.09,-38.99],[-62.09,-38.99],[-62.09,-38.99],[-62.09,-38.99],[-62.09,-38.99],[-62.08,-38.99],[-62.08,-38.99],[-62.08,-38.99],[-62.08,-38.99],[-62.08,-38.99],[-62.08,-38.99]]],[[[-62.07,-39.01],[-62.07,-39.01],[-62.07,-39.01],[-62.07,-39.02],[-62.07,-39.02],[-62.07,-39.02],[-62.07,-39.02],[-62.07,-39.02],[-62.07,-39.02],[-62.07,-39.02],[-62.07,-39.02],[-62.07,-39.02],[-62.07,-39.02],[-62.07,-39.02],[-62.07,-39.02],[-62.07,-39.02],[-62.07,-39.02],[-62.07,-39.02],[-62.07,-39.02],[-62.07,-39.02],[-62.07,-39.02],[-62.07,-39.02],[-62.07,-39.02],[-62.07,-39.02],[-62.07,-39.02],[-62.07,-39.02],[-62.08,-39.02],[-62.08,-39.02],[-62.08,-39.02],[-62.08,-39.02],[-62.08,-39.02],[-62.08,-39.02],[-62.08,-39.02],[-62.08,-39.02],[-62.08,-39.02],[-62.08,-39.02],[-62.08,-39.02],[-62.08,-39.02],[-62.08,-39.02],[-62.08,-39.02],[-62.07,-39.02],[-62.07,-39.02],[-62.07,-39.02],[-62.07,-39.02],[-62.07,-39.02],[-62.07,-39.02],[-62.07,-39.02],[-62.07,-39.02],[-62.07,-39.01],[-62.07,-39.01],[-62.07,-39.01]]],[[[-62.07,-39.01],[-62.07,-39.01],[-62.07,-39.01],[-62.07,-39.01],[-62.07,-39.01],[-62.07,-39.01],[-62.07,-39.01],[-62.07,-39.01],[-62.07,-39.01],[-62.07,-39.01],[-62.07,-39.01],[-62.07,-39.01],[-62.07,-39.01],[-62.07,-39.01],[-62.07,-39.01],[-62.07,-39.01],[-62.07,-39.01],[-62.07,-39.01],[-62.07,-39.01],[-62.07,-39.01],[-62.07,-39.01],[-62.07,-39.01],[-62.07,-39.01],[-62.07,-39.01],[-62.08,-39.01],[-62.08,-39.01],[-62.08,-39.01],[-62.08,-39.01],[-62.08,-39.01],[-62.08,-39.01],[-62.08,-39.01],[-62.08,-39.01],[-62.08,-39.01],[-62.08,-39.01],[-62.08,-39.01],[-62.08,-39.01],[-62.08,-39.01],[-62.08,-39.01],[-62.08,-39.02],[-62.08,-39.02],[-62.08,-39.02],[-62.08,-39.01],[-62.08,-39.01],[-62.08,-39.01],[-62.08,-39.01],[-62.08,-39.01],[-62.08,-39.01],[-62.08,-39.01],[-62.08,-39.01],[-62.08,-39.01],[-62.08,-39.01],[-62.08,-39.01],[-62.08,-39.01],[-62.08,-39.01],[-62.08,-39.01],[-62.08,-39.01],[-62.08,-39.01],[-62.08,-39.01],[-62.08,-39.01],[-62.08,-39.01],[-62.08,-39.01],[-62.08,-39.01],[-62.08,-39.01],[-62.08,-39.01],[-62.08,-39.01],[-62.07,-39.01]]],[[[-62.05,-38.99],[-62.06,-39.0],[-62.07,-38.99],[-62.06,-39.0],[-62.06,-39.01],[-62.06,-39.0],[-62.05,-39.0],[-62.06,-39.0],[-62.05,-39.0],[-62.05,-39.0],[-62.04,-39.0],[-62.04,-39.01],[-62.04,-39.01],[-62.04,-39.01],[-62.04,-39.0],[-62.04,-39.01],[-62.03,-39.0],[-62.03,-39.0],[-62.03,-39.01],[-62.03,-39.01],[-62.03,-39.01],[-62.02,-39.0],[-62.02,-39.01],[-62.01,-39.01],[-62.02,-39.02],[-62.02,-39.01],[-62.03,-39.01],[-62.02,-39.01],[-62.01,-39.01],[-62.01,-39.01],[-62.01,-39.02],[-62.02,-39.03],[-62.03,-39.03],[-62.04,-39.03],[-62.04,-39.04],[-62.05,-39.03],[-62.06,-39.03],[-62.06,-39.02],[-62.05,-39.02],[-62.05,-39.02],[-62.05,-39.01],[-62.06,-39.01],[-62.06,-39.01],[-62.07,-39.01],[-62.07,-39.0],[-62.08,-39.01],[-62.08,-39.02],[-62.09,-39.02],[-62.1,-39.02],[-62.11,-39.02],[-62.11,-39.01],[-62.12,-39.01],[-62.12,-39.0],[-62.12,-39.0],[-62.11,-39.0],[-62.1,-38.99],[-62.1,-38.99],[-62.09,-39.0],[-62.08,-38.99],[-62.08,-38.99],[-62.07,-38.99],[-62.06,-38.99],[-62.05,-38.99]]],[[[-62.12,-39.0],[-62.12,-39.01],[-62.12,-39.01],[-62.12,-39.01],[-62.12,-39.01],[-62.12,-39.01],[-62.12,-39.01],[-62.12,-39.01],[-62.12,-39.01],[-62.12,-39.01],[-62.12,-39.02],[-62.12,-39.02],[-62.12,-39.02],[-62.12,-39.02],[-62.12,-39.02],[-62.12,-39.02],[-62.12,-39.02],[-62.12,-39.03],[-62.12,-39.03],[-62.12,-39.03],[-62.12,-39.03],[-62.12,-39.03],[-62.13,-39.03],[-62.13,-39.03],[-62.13,-39.03],[-62.13,-39.03],[-62.13,-39.03],[-62.13,-39.03],[-62.14,-39.03],[-62.14,-39.03],[-62.14,-39.03],[-62.14,-39.03],[-62.14,-39.03],[-62.14,-39.03],[-62.14,-39.03],[-62.14,-39.03],[-62.14,-39.03],[-62.14,-39.03],[-62.14,-39.02],[-62.14,-39.02],[-62.14,-39.02],[-62.14,-39.02],[-62.14,-39.02],[-62.14,-39.02],[-62.14,-39.02],[-62.14,-39.02],[-62.14,-39.02],[-62.14,-39.02],[-62.14,-39.01],[-62.14,-39.01],[-62.14,-39.01],[-62.13,-39.01],[-62.13,-39.01],[-62.13,-39.01],[-62.13,-39.01],[-62.13,-39.01],[-62.13,-39.01],[-62.13,-39.01],[-62.13,-39.01],[-62.13,-39.01],[-62.13,-39.01],[-62.13,-39.01],[-62.13,-39.0],[-62.13,-39.0],[-62.12,-39.0]]],[[[-62.12,-38.98],[-62.12,-38.98],[-62.12,-38.98],[-62.12,-38.98],[-62.12,-38.98],[-62.12,-38.98],[-62.12,-38.98],[-62.12,-38.98],[-62.12,-38.98]]],[[[-62.13,-38.99],[-62.13,-38.99],[-62.13,-38.99],[-62.13,-38.99],[-62.13,-38.99],[-62.13,-38.99],[-62.13,-38.99],[-62.13,-38.99],[-62.13,-38.99],[-62.13,-38.99],[-62.13,-38.99],[-62.13,-38.99],[-62.13,-38.99],[-62.13,-38.99],[-62.13,-38.99],[-62.13,-38.99],[-62.13,-38.99],[-62.13,-38.99],[-62.13,-38.99],[-62.13,-38.99],[-62.13,-38.99],[-62.13,-38.99],[-62.13,-38.99],[-62.13,-38.99],[-62.13,-38.99],[-62.13,-38.99],[-62.13,-38.99],[-62.14,-38.99],[-62.14,-38.99],[-62.14,-38.99],[-62.14,-38.99],[-62.14,-38.99],[-62.14,-38.99],[-62.14,-38.99],[-62.13,-38.99],[-62.13,-38.99],[-62.13,-38.99],[-62.14,-38.99],[-62.14,-38.99],[-62.13,-38.99],[-62.13,-38.99],[-62.13,-38.99],[-62.13,-38.99],[-62.13,-38.99],[-62.13,-38.99]]],[[[-62.14,-38.99],[-62.14,-38.99],[-62.14,-38.99],[-62.14,-38.99],[-62.14,-38.99],[-62.14,-38.99],[-62.14,-38.99],[-62.14,-38.99],[-62.14,-38.99],[-62.14,-38.99],[-62.14,-38.99],[-62.14,-38.99],[-62.14,-38.99],[-62.14,-38.99],[-62.14,-38.99],[-62.14,-38.99],[-62.14,-38.99],[-62.14,-38.99],[-62.14,-38.99],[-62.14,-38.99],[-62.14,-38.99],[-62.14,-38.99],[-62.14,-38.99],[-62.14,-38.99],[-62.14,-38.99],[-62.14,-38.99],[-62.14,-38.99],[-62.14,-38.99],[-62.14,-38.99],[-62.14,-38.99],[-62.14,-38.99],[-62.14,-38.99],[-62.14,-38.99],[-62.14,-38.99],[-62.14,-38.99],[-62.14,-38.99],[-62.14,-38.99],[-62.14,-38.99],[-62.14,-38.99],[-62.14,-38.99],[-62.14,-38.99],[-62.14,-38.99],[-62.14,-38.99],[-62.14,-38.99],[-62.14,-38.99],[-62.14,-38.99],[-62.14,-38.99],[-62.14,-38.99],[-62.14,-38.99],[-62.14,-38.99],[-62.14,-38.99],[-62.14,-38.99]]],[[[-62.14,-38.98],[-62.14,-38.98],[-62.14,-38.98],[-62.14,-38.98],[-62.14,-38.98],[-62.14,-38.98],[-62.13,-38.98],[-62.13,-38.98],[-62.13,-38.98],[-62.13,-38.98],[-62.13,-38.98],[-62.13,-38.98],[-62.13,-38.98],[-62.13,-38.98],[-62.13,-38.98],[-62.14,-38.98],[-62.14,-38.98],[-62.14,-38.98],[-62.14,-38.98],[-62.14,-38.98],[-62.14,-38.98],[-62.14,-38.98],[-62.14,-38.98],[-62.14,-38.98],[-62.14,-38.98],[-62.14,-38.98],[-62.14,-38.98],[-62.14,-38.98],[-62.14,-38.98]]],[[[-62.13,-38.97],[-62.13,-38.97],[-62.13,-38.97],[-62.13,-38.97],[-62.13,-38.97],[-62.13,-38.98],[-62.13,-38.98],[-62.13,-38.98],[-62.13,-38.98],[-62.13,-38.98],[-62.13,-38.98],[-62.13,-38.98],[-62.13,-38.98],[-62.13,-38.98],[-62.13,-38.98],[-62.13,-38.98],[-62.13,-38.98],[-62.13,-38.98],[-62.13,-38.98],[-62.13,-38.98],[-62.13,-38.98],[-62.13,-38.98],[-62.13,-38.99],[-62.13,-38.99],[-62.13,-38.98],[-62.13,-38.98],[-62.13,-38.98],[-62.13,-38.98],[-62.13,-38.98],[-62.13,-38.98],[-62.13,-38.98],[-62.13,-38.98],[-62.13,-38.98],[-62.13,-38.98],[-62.13,-38.98],[-62.13,-38.98],[-62.13,-38.98],[-62.14,-38.98],[-62.14,-38.98],[-62.14,-38.98],[-62.14,-38.98],[-62.14,-38.98],[-62.14,-38.98],[-62.14,-38.98],[-62.14,-38.98],[-62.14,-38.98],[-62.14,-38.98],[-62.14,-38.98],[-62.14,-38.98],[-62.14,-38.98],[-62.14,-38.98],[-62.14,-38.98],[-62.14,-38.98],[-62.14,-38.98],[-62.14,-38.98],[-62.14,-38.98],[-62.14,-38.98],[-62.13,-38.97],[-62.13,-38.97],[-62.13,-38.97],[-62.13,-38.97],[-62.13,-38.97],[-62.13,-38.97],[-62.13,-38.97],[-62.13,-38.97],[-62.13,-38.97],[-62.13,-38.97]]],[[[-62.12,-38.97],[-62.12,-38.97],[-62.12,-38.97],[-62.12,-38.97],[-62.12,-38.97],[-62.11,-38.97],[-62.11,-38.97],[-62.11,-38.97],[-62.12,-38.97],[-62.12,-38.97],[-62.12,-38.97],[-62.12,-38.97],[-62.12,-38.97],[-62.11,-38.98],[-62.11,-38.98],[-62.11,-38.98],[-62.11,-38.98],[-62.11,-38.98],[-62.11,-38.98],[-62.11,-38.98],[-62.11,-38.98],[-62.11,-38.98],[-62.11,-38.98],[-62.11,-38.98],[-62.11,-38.98],[-62.12,-38.98],[-62.12,-38.98],[-62.12,-38.98],[-62.12,-38.98],[-62.12,-38.98],[-62.12,-38.98],[-62.12,-38.98],[-62.12,-38.98],[-62.12,-38.98],[-62.12,-38.98],[-62.12,-38.98],[-62.12,-38.98],[-62.12,-38.98],[-62.12,-38.98],[-62.12,-38.98],[-62.12,-38.98],[-62.12,-38.98],[-62.13,-38.98],[-62.13,-38.98],[-62.13,-38.98],[-62.13,-38.98],[-62.13,-38.98],[-62.13,-38.98],[-62.13,-38.98],[-62.13,-38.98],[-62.13,-38.98],[-62.13,-38.98],[-62.13,-38.98],[-62.13,-38.97],[-62.13,-38.97],[-62.13,-38.97],[-62.13,-38.97],[-62.13,-38.97],[-62.13,-38.97],[-62.13,-38.97],[-62.13,-38.97],[-62.12,-38.97],[-62.12,-38.97],[-62.12,-38.97],[-62.12,-38.97],[-62.12,-38.97],[-62.12,-38.97],[-62.12,-38.97],[-62.12,-38.97],[-62.12,-38.97],[-62.12,-38.97],[-62.12,-38.97],[-62.12,-38.97],[-62.12,-38.97],[-62.12,-38.98],[-62.12,-38.97],[-62.12,-38.97],[-62.12,-38.97],[-62.12,-38.97],[-62.12,-38.97],[-62.12,-38.97],[-62.12,-38.97],[-62.12,-38.97],[-62.12,-38.97]]],[[[-62.12,-38.97],[-62.12,-38.97],[-62.12,-38.97],[-62.12,-38.97],[-62.12,-38.97],[-62.12,-38.97],[-62.12,-38.97],[-62.12,-38.97],[-62.12,-38.97],[-62.12,-38.97],[-62.12,-38.97],[-62.12,-38.97],[-62.12,-38.97],[-62.12,-38.97],[-62.12,-38.97],[-62.12,-38.97],[-62.12,-38.97]]],[[[-62.13,-38.97],[-62.13,-38.97],[-62.13,-38.97],[-62.13,-38.97],[-62.13,-38.97],[-62.12,-38.97],[-62.12,-38.97],[-62.13,-38.97],[-62.13,-38.97],[-62.13,-38.97],[-62.13,-38.97],[-62.13,-38.97],[-62.13,-38.97],[-62.13,-38.97],[-62.13,-38.97],[-62.13,-38.97],[-62.13,-38.97],[-62.13,-38.97],[-62.13,-38.97],[-62.13,-38.97],[-62.13,-38.97],[-62.13,-38.97],[-62.13,-38.97],[-62.13,-38.97],[-62.13,-38.97],[-62.13,-38.97],[-62.13,-38.97],[-62.13,-38.97],[-62.13,-38.97],[-62.13,-38.97],[-62.13,-38.97],[-62.13,-38.97],[-62.13,-38.97],[-62.13,-38.97],[-62.13,-38.97],[-62.13,-38.97],[-62.13,-38.97],[-62.13,-38.97],[-62.13,-38.97],[-62.13,-38.97],[-62.13,-38.97],[-62.13,-38.97],[-62.13,-38.97],[-62.13,-38.97],[-62.13,-38.97],[-62.13,-38.97],[-62.13,-38.97],[-62.13,-38.97],[-62.13,-38.97]]],[[[-62.12,-38.97],[-62.12,-38.97],[-62.12,-38.97],[-62.12,-38.97],[-62.12,-38.97],[-62.12,-38.97],[-62.12,-38.97],[-62.12,-38.97],[-62.12,-38.97],[-62.12,-38.97],[-62.12,-38.97],[-62.12,-38.97],[-62.12,-38.97]]],[[[-62.12,-38.96],[-62.12,-38.96],[-62.12,-38.96],[-62.12,-38.96],[-62.12,-38.96],[-62.12,-38.96],[-62.12,-38.96],[-62.12,-38.97],[-62.12,-38.97],[-62.12,-38.97],[-62.12,-38.97],[-62.12,-38.97],[-62.12,-38.97],[-62.12,-38.97],[-62.12,-38.96],[-62.12,-38.96],[-62.12,-38.96],[-62.12,-38.96]]],[[[-62.13,-38.96],[-62.12,-38.96],[-62.12,-38.96],[-62.12,-38.96],[-62.12,-38.96],[-62.12,-38.96],[-62.12,-38.96],[-62.12,-38.96],[-62.12,-38.96],[-62.12,-38.96],[-62.13,-38.96],[-62.13,-38.96],[-62.13,-38.96],[-62.13,-38.96],[-62.13,-38.96],[-62.13,-38.96],[-62.13,-38.96],[-62.13,-38.96]]],[[[-62.12,-38.96],[-62.12,-38.96],[-62.12,-38.96],[-62.12,-38.96],[-62.12,-38.96],[-62.12,-38.96],[-62.12,-38.96],[-62.12,-38.96],[-62.12,-38.96],[-62.12,-38.96],[-62.12,-38.96],[-62.12,-38.96],[-62.12,-38.96],[-62.12,-38.96],[-62.12,-38.96]]],[[[-62.12,-38.96],[-62.12,-38.96],[-62.12,-38.96],[-62.12,-38.96],[-62.12,-38.96],[-62.12,-38.96],[-62.12,-38.96],[-62.12,-38.96],[-62.12,-38.96]]],[[[-62.13,-38.96],[-62.13,-38.96],[-62.13,-38.96],[-62.13,-38.96],[-62.13,-38.96],[-62.13,-38.96],[-62.13,-38.96],[-62.13,-38.96],[-62.13,-38.96],[-62.12,-38.96],[-62.12,-38.96],[-62.12,-38.96],[-62.12,-38.96],[-62.13,-38.96],[-62.13,-38.96],[-62.13,-38.96],[-62.13,-38.96],[-62.13,-38.96],[-62.13,-38.96],[-62.13,-38.96],[-62.13,-38.96],[-62.13,-38.96],[-62.13,-38.96],[-62.13,-38.96],[-62.13,-38.96],[-62.13,-38.96],[-62.13,-38.96],[-62.13,-38.96],[-62.13,-38.96],[-62.13,-38.96]]],[[[-62.13,-38.96],[-62.13,-38.96],[-62.13,-38.96],[-62.13,-38.96],[-62.13,-38.96],[-62.13,-38.96],[-62.13,-38.96],[-62.13,-38.96],[-62.13,-38.96],[-62.13,-38.96],[-62.13,-38.96],[-62.13,-38.96],[-62.13,-38.96],[-62.13,-38.96],[-62.13,-38.96],[-62.13,-38.96],[-62.13,-38.96],[-62.13,-38.96],[-62.13,-38.96],[-62.13,-38.96],[-62.13,-38.96],[-62.13,-38.96],[-62.13,-38.96],[-62.13,-38.96],[-62.13,-38.96],[-62.13,-38.96],[-62.13,-38.96],[-62.13,-38.96],[-62.13,-38.96],[-62.13,-38.96],[-62.13,-38.96],[-62.13,-38.96],[-62.13,-38.96],[-62.13,-38.96],[-62.13,-38.96],[-62.13,-38.96],[-62.13,-38.96],[-62.14,-38.96],[-62.14,-38.96],[-62.13,-38.96]]],[[[-62.14,-38.96],[-62.14,-38.96],[-62.14,-38.96],[-62.14,-38.96],[-62.14,-38.96],[-62.14,-38.96],[-62.14,-38.96],[-62.14,-38.96],[-62.14,-38.96],[-62.14,-38.96],[-62.14,-38.96],[-62.14,-38.96],[-62.14,-38.96],[-62.14,-38.96],[-62.14,-38.97],[-62.14,-38.97],[-62.14,-38.97],[-62.14,-38.97],[-62.14,-38.97],[-62.14,-38.97],[-62.14,-38.97],[-62.14,-38.97],[-62.14,-38.97],[-62.13,-38.97],[-62.13,-38.96],[-62.13,-38.96],[-62.13,-38.97],[-62.13,-38.97],[-62.13,-38.97],[-62.13,-38.97],[-62.13,-38.97],[-62.13,-38.97],[-62.13,-38.97],[-62.13,-38.97],[-62.13,-38.97],[-62.13,-38.97],[-62.13,-38.97],[-62.13,-38.97],[-62.13,-38.97],[-62.13,-38.97],[-62.13,-38.97],[-62.13,-38.97],[-62.13,-38.97],[-62.13,-38.97],[-62.13,-38.97],[-62.13,-38.97],[-62.13,-38.97],[-62.13,-38.97],[-62.13,-38.97],[-62.13,-38.97],[-62.13,-38.97],[-62.13,-38.97],[-62.13,-38.97],[-62.13,-38.97],[-62.13,-38.97],[-62.13,-38.97],[-62.13,-38.97],[-62.13,-38.97],[-62.14,-38.97],[-62.14,-38.97],[-62.14,-38.97],[-62.14,-38.97],[-62.14,-38.97],[-62.14,-38.97],[-62.14,-38.97],[-62.14,-38.97],[-62.14,-38.97],[-62.14,-38.97],[-62.14,-38.97],[-62.14,-38.97],[-62.14,-38.97],[-62.14,-38.97],[-62.14,-38.97],[-62.14,-38.97],[-62.14,-38.97],[-62.14,-38.97],[-62.14,-38.97],[-62.14,-38.97],[-62.14,-38.97],[-62.14,-38.97],[-62.14,-38.97],[-62.14,-38.97],[-62.14,-38.97],[-62.14,-38.97],[-62.14,-38.97],[-62.14,-38.97],[-62.14,-38.97],[-62.14,-38.96],[-62.14,-38.96],[-62.14,-38.96],[-62.14,-38.96],[-62.14,-38.96],[-62.14,-38.96],[-62.14,-38.96],[-62.14,-38.96],[-62.14,-38.96],[-62.14,-38.96],[-62.14,-38.96],[-62.14,-38.96],[-62.14,-38.96],[-62.14,-38.96]]],[[[-62.14,-38.96],[-62.14,-38.96],[-62.14,-38.97],[-62.14,-38.97],[-62.14,-38.97],[-62.14,-38.97],[-62.14,-38.97],[-62.14,-38.97],[-62.14,-38.97],[-62.14,-38.97],[-62.14,-38.97],[-62.14,-38.97],[-62.15,-38.97],[-62.15,-38.97],[-62.15,-38.97],[-62.15,-38.97],[-62.15,-38.97],[-62.15,-38.97],[-62.15,-38.97],[-62.15,-38.97],[-62.15,-38.96],[-62.14,-38.96]]],[[[-62.14,-38.96],[-62.14,-38.96],[-62.14,-38.96],[-62.14,-38.96],[-62.14,-38.96],[-62.15,-38.96],[-62.15,-38.96],[-62.15,-38.97],[-62.15,-38.97],[-62.15,-38.97],[-62.15,-38.97],[-62.15,-38.97],[-62.15,-38.97],[-62.14,-38.97],[-62.14,-38.97],[-62.14,-38.97],[-62.14,-38.97],[-62.14,-38.97],[-62.14,-38.97],[-62.14,-38.97],[-62.14,-38.97],[-62.14,-38.97],[-62.14,-38.97],[-62.14,-38.97],[-62.14,-38.97],[-62.14,-38.97],[-62.14,-38.97],[-62.14,-38.97],[-62.14,-38.97],[-62.14,-38.97],[-62.14,-38.97],[-62.15,-38.98],[-62.15,-38.98],[-62.15,-38.98],[-62.15,-38.98],[-62.15,-38.98],[-62.15,-38.98],[-62.15,-38.98],[-62.15,-38.98],[-62.15,-38.98],[-62.15,-38.98],[-62.15,-38.98],[-62.15,-38.97],[-62.15,-38.97],[-62.15,-38.97],[-62.15,-38.97],[-62.15,-38.97],[-62.15,-38.97],[-62.15,-38.97],[-62.15,-38.97],[-62.15,-38.97],[-62.15,-38.97],[-62.15,-38.97],[-62.15,-38.97],[-62.15,-38.97],[-62.15,-38.97],[-62.15,-38.97],[-62.15,-38.97],[-62.15,-38.97],[-62.15,-38.97],[-62.15,-38.97],[-62.15,-38.97],[-62.15,-38.97],[-62.15,-38.97],[-62.15,-38.97],[-62.15,-38.97],[-62.15,-38.97],[-62.15,-38.97],[-62.15,-38.97],[-62.15,-38.97],[-62.15,-38.97],[-62.15,-38.97],[-62.15,-38.97],[-62.15,-38.96],[-62.15,-38.96],[-62.15,-38.96],[-62.15,-38.96],[-62.15,-38.96],[-62.15,-38.96],[-62.15,-38.96],[-62.15,-38.96],[-62.15,-38.96],[-62.14,-38.96]]],[[[-62.16,-38.97],[-62.16,-38.97],[-62.16,-38.97],[-62.16,-38.97],[-62.16,-38.97],[-62.16,-38.97],[-62.16,-38.97],[-62.16,-38.97],[-62.16,-38.97],[-62.16,-38.97],[-62.16,-38.97],[-62.16,-38.97],[-62.16,-38.97],[-62.16,-38.97],[-62.16,-38.97],[-62.16,-38.97],[-62.16,-38.97],[-62.16,-38.97],[-62.16,-38.97],[-62.16,-38.97],[-62.16,-38.97],[-62.16,-38.97],[-62.16,-38.97],[-62.16,-38.97],[-62.16,-38.97],[-62.16,-38.97]]],[[[-62.17,-38.97],[-62.17,-38.97],[-62.17,-38.97],[-62.17,-38.97],[-62.17,-38.97],[-62.17,-38.97],[-62.16,-38.97],[-62.16,-38.97],[-62.16,-38.97],[-62.16,-38.97],[-62.17,-38.97],[-62.16,-38.97],[-62.16,-38.97],[-62.16,-38.97],[-62.16,-38.97],[-62.16,-38.97],[-62.16,-38.97],[-62.16,-38.97],[-62.16,-38.97],[-62.16,-38.97],[-62.16,-38.97],[-62.16,-38.97],[-62.16,-38.97],[-62.16,-38.97],[-62.16,-38.97],[-62.16,-38.97],[-62.16,-38.97],[-62.16,-38.97],[-62.16,-38.97],[-62.16,-38.97],[-62.16,-38.97],[-62.16,-38.97],[-62.16,-38.97],[-62.16,-38.97],[-62.16,-38.97],[-62.16,-38.97],[-62.16,-38.97],[-62.16,-38.97],[-62.16,-38.97],[-62.16,-38.97],[-62.16,-38.97],[-62.16,-38.97],[-62.16,-38.97],[-62.16,-38.97],[-62.16,-38.97],[-62.16,-38.97],[-62.17,-38.97],[-62.17,-38.97],[-62.17,-38.97],[-62.17,-38.97],[-62.17,-38.97],[-62.17,-38.97],[-62.17,-38.97],[-62.17,-38.97],[-62.17,-38.97],[-62.17,-38.97],[-62.17,-38.97],[-62.17,-38.97],[-62.17,-38.97],[-62.17,-38.97],[-62.17,-38.97],[-62.17,-38.97],[-62.17,-38.97],[-62.17,-38.97],[-62.17,-38.97],[-62.17,-38.97],[-62.17,-38.97],[-62.17,-38.97],[-62.17,-38.97],[-62.17,-38.97],[-62.17,-38.97],[-62.17,-38.97],[-62.17,-38.97],[-62.17,-38.97],[-62.17,-38.97],[-62.17,-38.97],[-62.17,-38.97],[-62.17,-38.97],[-62.17,-38.97],[-62.17,-38.97],[-62.17,-38.97],[-62.17,-38.97],[-62.17,-38.97],[-62.17,-38.97],[-62.17,-38.97],[-62.17,-38.97]]],[[[-62.14,-38.95],[-62.14,-38.96],[-62.14,-38.96],[-62.14,-38.96],[-62.14,-38.96],[-62.14,-38.96],[-62.14,-38.96],[-62.14,-38.96],[-62.15,-38.96],[-62.15,-38.96],[-62.15,-38.96],[-62.15,-38.96],[-62.15,-38.96],[-62.15,-38.96],[-62.15,-38.96],[-62.15,-38.96],[-62.15,-38.96],[-62.15,-38.95],[-62.15,-38.95],[-62.15,-38.95],[-62.15,-38.95],[-62.15,-38.95],[-62.14,-38.95],[-62.14,-38.95]]],[[[-62.16,-38.96],[-62.16,-38.96],[-62.16,-38.96],[-62.16,-38.96],[-62.16,-38.96],[-62.15,-38.96],[-62.15,-38.96],[-62.15,-38.96],[-62.15,-38.96],[-62.15,-38.96],[-62.15,-38.96],[-62.15,-38.96],[-62.15,-38.96],[-62.16,-38.96],[-62.16,-38.96],[-62.16,-38.96],[-62.16,-38.96],[-62.16,-38.96],[-62.16,-38.96],[-62.16,-38.96],[-62.16,-38.96],[-62.16,-38.96],[-62.16,-38.96],[-62.16,-38.96],[-62.16,-38.96],[-62.16,-38.96],[-62.16,-38.96],[-62.16,-38.96],[-62.16,-38.96],[-62.16,-38.96],[-62.16,-38.96],[-62.16,-38.96],[-62.16,-38.96],[-62.16,-38.96],[-62.16,-38.96],[-62.16,-38.96]]],[[[-62.15,-38.96],[-62.15,-38.96],[-62.15,-38.96],[-62.15,-38.96],[-62.15,-38.96],[-62.15,-38.96],[-62.15,-38.96],[-62.15,-38.96],[-62.15,-38.96],[-62.15,-38.96],[-62.15,-38.96],[-62.15,-38.96],[-62.15,-38.96],[-62.15,-38.96],[-62.15,-38.96]]],[[[-62.16,-38.96],[-62.16,-38.96],[-62.16,-38.96],[-62.16,-38.96],[-62.16,-38.96],[-62.16,-38.96],[-62.16,-38.96],[-62.16,-38.96],[-62.16,-38.96],[-62.16,-38.96],[-62.16,-38.96],[-62.16,-38.96],[-62.16,-38.96],[-62.16,-38.96],[-62.16,-38.96],[-62.16,-38.96],[-62.16,-38.96],[-62.16,-38.96],[-62.16,-38.96],[-62.16,-38.96],[-62.16,-38.96],[-62.16,-38.96]]],[[[-62.24,-38.87],[-62.24,-38.87],[-62.24,-38.87],[-62.24,-38.87],[-62.23,-38.87],[-62.23,-38.87],[-62.23,-38.87],[-62.23,-38.87],[-62.23,-38.87],[-62.23,-38.87],[-62.23,-38.87],[-62.23,-38.87],[-62.23,-38.87],[-62.23,-38.87],[-62.23,-38.87],[-62.23,-38.87],[-62.23,-38.87],[-62.23,-38.87],[-62.23,-38.87],[-62.23,-38.87],[-62.23,-38.87],[-62.23,-38.87],[-62.23,-38.87],[-62.23,-38.87],[-62.23,-38.87],[-62.23,-38.87],[-62.23,-38.87],[-62.24,-38.87],[-62.24,-38.87],[-62.24,-38.87],[-62.24,-38.87],[-62.24,-38.87],[-62.24,-38.87],[-62.24,-38.87],[-62.24,-38.88],[-62.24,-38.88],[-62.24,-38.87],[-62.24,-38.87],[-62.24,-38.87],[-62.24,-38.87],[-62.24,-38.87],[-62.24,-38.87],[-62.24,-38.87],[-62.24,-38.87],[-62.24,-38.87],[-62.24,-38.87],[-62.24,-38.87],[-62.24,-38.87],[-62.24,-38.87],[-62.24,-38.87],[-62.24,-38.87],[-62.24,-38.87],[-62.24,-38.87],[-62.24,-38.87],[-62.24,-38.87],[-62.24,-38.87],[-62.24,-38.87],[-62.24,-38.87],[-62.24,-38.87],[-62.24,-38.87],[-62.24,-38.87],[-62.24,-38.87],[-62.24,-38.87],[-62.24,-38.87],[-62.24,-38.87],[-62.24,-38.87],[-62.24,-38.87],[-62.24,-38.87],[-62.24,-38.87],[-62.24,-38.87]]],[[[-62.26,-38.87],[-62.26,-38.87],[-62.26,-38.87],[-62.26,-38.87],[-62.26,-38.87],[-62.26,-38.87],[-62.25,-38.87],[-62.25,-38.87],[-62.25,-38.87],[-62.25,-38.87],[-62.25,-38.87],[-62.25,-38.87],[-62.25,-38.87],[-62.25,-38.87],[-62.25,-38.87],[-62.26,-38.87],[-62.26,-38.87],[-62.26,-38.87],[-62.26,-38.87],[-62.26,-38.87],[-62.26,-38.87],[-62.26,-38.87],[-62.26,-38.87],[-62.26,-38.87],[-62.26,-38.87],[-62.26,-38.87],[-62.26,-38.87],[-62.26,-38.87]]],[[[-62.25,-38.87],[-62.25,-38.87],[-62.25,-38.87],[-62.25,-38.87],[-62.25,-38.87],[-62.25,-38.87],[-62.25,-38.87],[-62.25,-38.87],[-62.25,-38.87],[-62.25,-38.87],[-62.25,-38.87]]],[[[-62.26,-38.87],[-62.26,-38.87],[-62.26,-38.87],[-62.26,-38.87],[-62.26,-38.87],[-62.26,-38.87],[-62.26,-38.87],[-62.26,-38.87],[-62.26,-38.87],[-62.26,-38.87],[-62.26,-38.87],[-62.26,-38.87],[-62.26,-38.87],[-62.26,-38.87]]],[[[-62.26,-38.87],[-62.26,-38.87],[-62.26,-38.87],[-62.26,-38.87],[-62.26,-38.87],[-62.26,-38.87],[-62.26,-38.87],[-62.26,-38.87],[-62.26,-38.87],[-62.26,-38.87],[-62.26,-38.87],[-62.26,-38.87],[-62.26,-38.87],[-62.26,-38.87],[-62.26,-38.87],[-62.26,-38.87],[-62.26,-38.87],[-62.26,-38.87],[-62.26,-38.87],[-62.26,-38.87],[-62.26,-38.87]]],[[[-62.26,-38.86],[-62.26,-38.86],[-62.26,-38.86],[-62.26,-38.86],[-62.26,-38.86],[-62.26,-38.86],[-62.27,-38.86],[-62.27,-38.86],[-62.27,-38.86],[-62.27,-38.86],[-62.27,-38.86],[-62.27,-38.86],[-62.26,-38.86]]],[[[-62.26,-38.86],[-62.26,-38.86],[-62.26,-38.86],[-62.26,-38.86],[-62.26,-38.86],[-62.26,-38.86],[-62.26,-38.86],[-62.26,-38.86],[-62.26,-38.86],[-62.26,-38.86],[-62.26,-38.86],[-62.26,-38.86],[-62.26,-38.86],[-62.26,-38.86],[-62.26,-38.86],[-62.26,-38.86],[-62.26,-38.86],[-62.26,-38.86]]],[[[-62.26,-38.83],[-62.24,-38.83],[-62.24,-38.83],[-62.24,-38.84],[-62.24,-38.84],[-62.24,-38.84],[-62.24,-38.84],[-62.24,-38.84],[-62.24,-38.84],[-62.24,-38.84],[-62.23,-38.84],[-62.23,-38.85],[-62.23,-38.85],[-62.23,-38.85],[-62.23,-38.85],[-62.23,-38.85],[-62.23,-38.85],[-62.23,-38.85],[-62.23,-38.85],[-62.23,-38.85],[-62.23,-38.85],[-62.23,-38.86],[-62.23,-38.86],[-62.23,-38.85],[-62.23,-38.85],[-62.23,-38.85],[-62.23,-38.85],[-62.24,-38.85],[-62.23,-38.85],[-62.23,-38.85],[-62.23,-38.85],[-62.23,-38.86],[-62.23,-38.86],[-62.23,-38.86],[-62.23,-38.86],[-62.24,-38.85],[-62.24,-38.86],[-62.24,-38.86],[-62.24,-38.85],[-62.24,-38.85],[-62.24,-38.85],[-62.25,-38.85],[-62.25,-38.84],[-62.25,-38.84],[-62.25,-38.84],[-62.25,-38.84],[-62.26,-38.84],[-62.26,-38.84],[-62.26,-38.84],[-62.26,-38.84],[-62.26,-38.84],[-62.26,-38.84],[-62.26,-38.84],[-62.27,-38.84],[-62.27,-38.84],[-62.27,-38.84],[-62.27,-38.84],[-62.27,-38.84],[-62.27,-38.83],[-62.26,-38.83],[-62.26,-38.83]]],[[[-62.9,-38.46],[-62.61,-38.61],[-62.47,-38.67],[-62.44,-38.74],[-62.32,-38.81],[-62.37,-38.8],[-62.4,-38.83],[-62.39,-38.85],[-62.38,-38.87],[-62.36,-38.88],[-62.34,-38.87],[-62.34,-38.87],[-62.33,-38.89],[-62.33,-38.9],[-62.33,-38.92],[-62.33,-38.96],[-62.32,-38.98],[-62.32,-38.99],[-62.3,-38.99],[-62.3,-39.0],[-62.28,-39.0],[-62.29,-39.01],[-62.28,-39.01],[-62.31,-39.05],[-62.33,-39.07],[-62.35,-39.1],[-62.35,-39.11],[-62.34,-39.13],[-62.34,-39.14],[-62.34,-39.17],[-62.31,-39.21],[-62.3,-39.23],[-62.28,-39.23],[-62.24,-39.25],[-62.28,-39.25],[-62.32,-39.25],[-62.3,-39.27],[-62.26,-39.27],[-62.28,-39.29],[-62.25,-39.28],[-62.22,-39.28],[-62.2,-39.29],[-62.22,-39.3],[-62.27,-39.3],[-62.31,-39.3],[-62.29,-39.32],[-62.26,-39.33],[-62.25,-39.34],[-62.11,-39.41],[-62.1,-39.6],[-62.1,-39.69],[-62.11,-39.72],[-62.11,-39.77],[-62.11,-39.81],[-62.14,-39.86],[-62.28,-39.81],[-62.38,-39.76],[-62.48,-39.63],[-62.86,-39.53],[-63.1,-39.42],[-63.35,-38.8],[-62.9,-38.46]]]]}},{"type":"Feature","id":"042","properties":{"nombre":"General Lavalle"},"geometry":{"type":"MultiPolygon","coordinates":[[[[-56.82,-37.03],[-56.71,-36.82],[-56.72,-36.56],[-56.71,-36.44],[-56.73,-36.37],[-56.76,-36.33],[-56.86,-36.33],[-56.87,-36.33],[-56.87,-36.34],[-56.87,-36.33],[-56.88,-36.34],[-56.88,-36.34],[-56.88,-36.33],[-56.89,-36.33],[-56.89,-36.34],[-56.89,-36.34],[-56.89,-36.34],[-56.89,-36.34],[-56.9,-36.34],[-56.9,-36.35],[-56.89,-36.35],[-56.9,-36.34],[-56.9,-36.35],[-56.91,-36.34],[-56.93,-36.33],[-56.94,-36.34],[-56.94,-36.35],[-56.94,-36.34],[-56.95,-36.33],[-56.95,-36.34],[-56.95,-36.34],[-56.97,-36.34],[-56.97,-36.34],[-56.98,-36.33],[-56.99,-36.33],[-57.0,-36.33],[-57.0,-36.33],[-57.02,-36.34],[-57.04,-36.36],[-57.04,-36.43],[-57.07,-36.44],[-57.08,-36.44],[-57.18,-36.51],[-57.28,-36.71],[-57.14,-36.81],[-57.0,-36.88],[-56.99,-36.89],[-57.01,-36.91],[-56.98,-36.9],[-56.98,-36.92],[-56.99,-36.93],[-56.99,-36.94],[-56.98,-36.95],[-56.97,-36.95],[-56.96,-36.96],[-56.95,-36.96],[-56.94,-36.96],[-56.94,-36.97],[-56.95,-36.98],[-56.95,-36.99],[-56.93,-37.0],[-56.9,-37.0],[-56.82,-37.03]]]]}},{"type":"Feature","id":"062","properties":{"nombre":"Lobos"},"geometry":{"type":"MultiPolygon","coordinates":[[[[-59.07,-34.96],[-59.15,-35.03],[-59.25,-35.08],[-59.28,-35.12],[-59.34,-35.14],[-59.39,-35.17],[-59.46,-35.21],[-59.52,-35.24],[-59.55,-35.26],[-59.55,-35.27],[-59.54,-35.28],[-59.53,-35.28],[-59.5,-35.29],[-59.49,-35.29],[-59.48,-35.29],[-59.48,-35.3],[-59.47,-35.3],[-59.44,-35.3],[-59.43,-35.3],[-59.42,-35.3],[-59.41,-35.3],[-59.39,-35.29],[-59.38,-35.3],[-59.38,-35.31],[-59.38,-35.32],[-59.37,-35.34],[-59.35,-35.35],[-59.35,-35.35],[-59.33,-35.36],[-59.32,-35.37],[-59.31,-35.37],[-59.29,-35.37],[-59.28,-35.37],[-59.25,-35.39],[-59.24,-35.39],[-59.23,-35.39],[-59.22,-35.39],[-59.2,-35.4],[-59.19,-35.4],[-59.19,-35.4],[-59.18,-35.41],[-59.17,-35.41],[-59.16,-35.41],[-59.16,-35.42],[-59.16,-35.42],[-59.15,-35.42],[-59.13,-35.43],[-59.13,-35.44],[-59.12,-35.43],[-59.08,-35.39],[-59.04,-35.36],[-58.97,-35.34],[-58.96,-35.34],[-58.95,-35.34],[-58.91,-35.33],[-58.84,-35.27],[-58.83,-35.22],[-58.87,-35.15],[-58.94,-35.1],[-59.01,-35.01],[-59.03,-34.99],[-59.06,-34.97],[-59.07,-34.96]]]]}},{"type":"Feature","id":"066","properties":{"nombre":"Maip\u00fa"},"geometry":{"type":"MultiPolygon","coordinates":[[[[-57.46,-36.57],[-57.51,-36.59],[-57.55,-36.63],[-57.6,-36.68],[-57.62,-36.7],[-57.63,-36.71],[-57.67,-36.73],[-57.72,-36.75],[-57.76,-36.75],[-57.78,-36.77],[-57.8,-36.78],[-57.82,-36.79],[-57.83,-36.8],[-57.85,-36.82],[-57.88,-36.84],[-57.89,-36.85],[-57.9,-36.85],[-57.9,-36.85],[-57.91,-36.84],[-57.93,-36.84],[-57.94,-36.85],[-57.97,-36.87],[-57.95,-36.9],[-57.96,-36.92],[-57.98,-36.93],[-58.0,-36.95],[-57.98,-36.98],[-57.94,-37.01],[-57.92,-37.03],[-57.9,-37.04],[-57.86,-37.07],[-57.84,-37.08],[-57.83,-37.09],[-57.82,-37.1],[-57.81,-37.1],[-57.77,-37.13],[-57.74,-37.16],[-57.7,-37.18],[-57.69,-37.2],[-57.67,-37.2],[-57.64,-37.17],[-57.61,-37.15],[-57.57,-37.11],[-57.49,-37.1],[-57.49,-37.02],[-57.38,-37.01],[-57.3,-37.0],[-57.31,-36.98],[-57.32,-36.92],[-57.31,-36.91],[-57.26,-36.91],[-57.23,-36.91],[-57.23,-36.88],[-57.23,-36.84],[-57.2,-36.79],[-57.2,-36.77],[-57.24,-36.74],[-57.25,-36.72],[-57.29,-36.7],[-57.3,-36.69],[-57.36,-36.64],[-57.41,-36.61],[-57.45,-36.58],[-57.46,-36.57]]]]}},{"type":"Feature","id":"041","properties":{"nombre":"General Las Heras"},"geometry":{"type":"MultiPolygon","coordinates":[[[[-59.03,-34.76],[-59.03,-34.77],[-59.01,-34.78],[-58.99,-34.8],[-58.93,-34.82],[-58.89,-34.86],[-58.86,-34.9],[-58.82,-34.93],[-58.78,-34.96],[-58.78,-34.97],[-58.8,-34.98],[-58.81,-34.99],[-58.82,-35.0],[-58.83,-35.01],[-58.84,-35.02],[-58.86,-35.04],[-58.88,-35.06],[-58.9,-35.07],[-58.91,-35.08],[-58.93,-35.1],[-58.98,-35.07],[-58.99,-35.02],[-59.01,-35.01],[-59.03,-34.99],[-59.06,-34.97],[-59.08,-34.95],[-59.1,-34.94],[-59.12,-34.93],[-59.12,-34.92],[-59.15,-34.91],[-59.18,-34.88],[-59.21,-34.86],[-59.2,-34.83],[-59.17,-34.8],[-59.15,-34.79],[-59.15,-34.79],[-59.15,-34.79],[-59.15,-34.79],[-59.15,-34.78],[-59.14,-34.78],[-59.14,-34.78],[-59.14,-34.78],[-59.14,-34.78],[-59.14,-34.77],[-59.14,-34.77],[-59.14,-34.77],[-59.13,-34.76],[-59.13,-34.76],[-59.13,-34.76],[-59.12,-34.76],[-59.12,-34.75],[-59.12,-34.75],[-59.12,-34.75],[-59.11,-34.74],[-59.11,-34.74],[-59.1,-34.74],[-59.1,-34.73],[-59.1,-34.73],[-59.1,-34.73],[-59.09,-34.72],[-59.09,-34.72],[-59.09,-34.72],[-59.08,-34.72],[-59.06,-34.74],[-59.03,-34.76]]]]}},{"type":"Feature","id":"117","properties":{"nombre":"Tres de Febrero"},"geometry":{"type":"MultiPolygon","coordinates":[[[[-58.62,-34.55],[-58.55,-34.59],[-58.57,-34.63],[-58.65,-34.56],[-58.65,-34.56],[-58.65,-34.56],[-58.65,-34.56],[-58.65,-34.56],[-58.64,-34.56],[-58.64,-34.56],[-58.64,-34.56],[-58.64,-34.56],[-58.64,-34.56],[-58.64,-34.56],[-58.64,-34.56],[-58.64,-34.56],[-58.64,-34.56],[-58.64,-34.56],[-58.64,-34.56],[-58.64,-34.56],[-58.64,-34.56],[-58.64,-34.56],[-58.64,-34.56],[-58.64,-34.56],[-58.64,-34.56],[-58.64,-34.56],[-58.64,-34.56],[-58.64,-34.56],[-58.64,-34.56],[-58.64,-34.56],[-58.64,-34.56],[-58.64,-34.56],[-58.64,-34.56],[-58.64,-34.56],[-58.64,-34.56],[-58.64,-34.56],[-58.64,-34.56],[-58.64,-34.56],[-58.64,-34.56],[-58.64,-34.56],[-58.64,-34.55],[-58.64,-34.55],[-58.64,-34.55],[-58.63,-34.55],[-58.63,-34.55],[-58.63,-34.55],[-58.63,-34.55],[-58.63,-34.55],[-58.63,-34.55],[-58.63,-34.55],[-58.63,-34.55],[-58.63,-34.55],[-58.63,-34.55],[-58.63,-34.55],[-58.63,-34.55],[-58.63,-34.55],[-58.63,-34.55],[-58.63,-34.55],[-58.62,-34.55],[-58.62,-34.55],[-58.62,-34.55]]]]}},{"type":"Feature","id":"121","properties":{"nombre":"Capit\u00e1n Sarmiento"},"geometry":{"type":"MultiPolygon","coordinates":[[[[-59.75,-34.0],[-59.75,-34.01],[-59.75,-34.03],[-59.74,-34.05],[-59.73,-34.07],[-59.72,-34.08],[-59.71,-34.1],[-59.71,-34.12],[-59.68,-34.17],[-59.8,-34.23],[-59.89,-34.25],[-59.95,-34.27],[-60.03,-34.26],[-60.02,-34.25],[-60.0,-34.23],[-59.99,-34.21],[-59.99,-34.2],[-59.98,-34.19],[-59.98,-34.16],[-59.98,-34.14],[-59.99,-34.12],[-59.99,-34.1],[-59.98,-34.08],[-59.96,-34.08],[-59.95,-34.08],[-59.94,-34.08],[-59.93,-34.08],[-59.92,-34.07],[-59.9,-34.08],[-59.9,-34.08],[-59.89,-34.08],[-59.89,-34.07],[-59.88,-34.07],[-59.86,-34.06],[-59.86,-34.06],[-59.85,-34.06],[-59.85,-34.05],[-59.85,-34.05],[-59.84,-34.05],[-59.84,-34.04],[-59.83,-34.04],[-59.83,-34.04],[-59.82,-34.03],[-59.82,-34.03],[-59.82,-34.02],[-59.81,-34.02],[-59.81,-34.02],[-59.8,-34.01],[-59.8,-34.01],[-59.8,-34.02],[-59.79,-34.02],[-59.79,-34.02],[-59.78,-34.01],[-59.78,-34.01],[-59.77,-34.01],[-59.77,-34.01],[-59.76,-34.01],[-59.76,-34.01],[-59.76,-34.0],[-59.75,-34.0],[-59.75,-34.0]]]]}},{"type":"Feature","id":"053","properties":{"nombre":"Benito Ju\u00e1rez"},"geometry":{"type":"MultiPolygon","coordinates":[[[[-60.2,-37.18],[-60.07,-37.27],[-59.99,-37.35],[-59.96,-37.44],[-59.88,-37.36],[-59.82,-37.3],[-59.82,-37.29],[-59.82,-37.27],[-59.81,-37.26],[-59.8,-37.25],[-59.79,-37.24],[-59.77,-37.24],[-59.64,-37.34],[-59.55,-37.41],[-59.5,-37.45],[-59.42,-37.51],[-59.31,-37.59],[-59.26,-37.67],[-59.26,-37.68],[-59.27,-37.69],[-59.28,-37.7],[-59.33,-37.73],[-59.37,-37.75],[-59.38,-37.76],[-59.39,-37.77],[-59.4,-37.78],[-59.46,-37.83],[-59.6,-37.94],[-59.68,-38.0],[-59.67,-37.99],[-59.67,-37.98],[-59.68,-37.98],[-59.68,-37.98],[-59.69,-37.97],[-59.69,-37.97],[-59.7,-37.97],[-59.71,-37.96],[-59.72,-37.96],[-59.72,-37.95],[-59.74,-37.94],[-59.74,-37.93],[-59.75,-37.93],[-59.75,-37.92],[-59.76,-37.91],[-59.79,-37.9],[-59.81,-37.89],[-59.83,-37.87],[-59.85,-37.86],[-59.86,-37.85],[-59.88,-37.84],[-59.9,-37.82],[-59.92,-37.81],[-59.96,-37.81],[-60.09,-37.85],[-60.29,-37.75],[-60.4,-37.72],[-60.45,-37.6],[-60.37,-37.48],[-60.47,-37.35],[-60.36,-37.31],[-60.28,-37.24],[-60.2,-37.18]]]]}},{"type":"Feature","id":"057","properties":{"nombre":"Tigre"},"geometry":{"type":"MultiPolygon","coordinates":[[[[-58.66,-34.37],[-58.66,-34.37],[-58.67,-34.36],[-58.69,-34.35],[-58.72,-34.36],[-58.72,-34.37],[-58.71,-34.39],[-58.72,-34.39],[-58.72,-34.39],[-58.73,-34.4],[-58.72,-34.42],[-58.71,-34.44],[-58.7,-34.45],[-58.7,-34.45],[-58.69,-34.46],[-58.69,-34.46],[-58.68,-34.47],[-58.68,-34.47],[-58.67,-34.48],[-58.67,-34.48],[-58.67,-34.49],[-58.66,-34.49],[-58.65,-34.5],[-58.65,-34.5],[-58.63,-34.51],[-58.61,-34.53],[-58.6,-34.53],[-58.6,-34.52],[-58.6,-34.52],[-58.6,-34.52],[-58.6,-34.51],[-58.6,-34.51],[-58.6,-34.5],[-58.6,-34.5],[-58.6,-34.5],[-58.6,-34.49],[-58.6,-34.49],[-58.6,-34.49],[-58.6,-34.48],[-58.61,-34.48],[-58.6,-34.48],[-58.6,-34.47],[-58.6,-34.47],[-58.6,-34.47],[-58.6,-34.47],[-58.6,-34.46],[-58.6,-34.46],[-58.6,-34.46],[-58.6,-34.46],[-58.59,-34.45],[-58.6,-34.45],[-58.58,-34.44],[-58.57,-34.44],[-58.57,-34.43],[-58.56,-34.43],[-58.57,-34.42],[-58.59,-34.41],[-58.59,-34.41],[-58.6,-34.4],[-58.61,-34.39],[-58.63,-34.39],[-58.64,-34.38],[-58.65,-34.38],[-58.66,-34.37]]]]}},{"type":"Feature","id":"001","properties":{"nombre":"Adolfo Alsina"},"geometry":{"type":"MultiPolygon","coordinates":[[[[-63.39,-36.53],[-63.33,-36.57],[-63.25,-36.63],[-63.16,-36.71],[-63.05,-36.8],[-62.97,-36.86],[-62.84,-36.97],[-62.77,-37.02],[-62.73,-37.06],[-62.68,-37.09],[-62.66,-37.11],[-62.6,-37.1],[-62.59,-37.1],[-62.59,-37.11],[-62.58,-37.12],[-62.57,-37.13],[-62.56,-37.14],[-62.56,-37.15],[-62.55,-37.15],[-62.54,-37.16],[-62.54,-37.17],[-62.53,-37.17],[-62.53,-37.17],[-62.53,-37.18],[-62.52,-37.18],[-62.52,-37.18],[-62.52,-37.19],[-62.52,-37.19],[-62.52,-37.19],[-62.51,-37.19],[-62.51,-37.2],[-62.51,-37.21],[-62.51,-37.21],[-62.51,-37.22],[-62.51,-37.22],[-62.51,-37.23],[-62.51,-37.23],[-62.48,-37.31],[-62.43,-37.35],[-62.46,-37.38],[-62.55,-37.45],[-62.58,-37.47],[-62.63,-37.51],[-62.67,-37.5],[-62.72,-37.45],[-62.77,-37.41],[-62.8,-37.38],[-62.82,-37.38],[-62.97,-37.5],[-63.2,-37.68],[-63.38,-37.81],[-63.39,-37.62],[-63.39,-37.43],[-63.39,-37.29],[-63.39,-37.19],[-63.39,-37.11],[-63.39,-36.99],[-63.39,-36.83],[-63.38,-36.74],[-63.39,-36.66],[-63.38,-36.61],[-63.39,-36.58],[-63.39,-36.53]]]]}},{"type":"Feature","id":"107","properties":{"nombre":"Trenque Lauquen"},"geometry":{"type":"MultiPolygon","coordinates":[[[[-62.62,-35.55],[-62.48,-35.66],[-62.41,-35.72],[-62.41,-35.72],[-62.37,-35.76],[-62.34,-35.78],[-62.34,-35.78],[-62.36,-35.8],[-62.36,-35.8],[-62.37,-35.81],[-62.38,-35.82],[-62.38,-35.82],[-62.38,-35.82],[-62.39,-35.83],[-62.4,-35.84],[-62.41,-35.85],[-62.43,-35.85],[-62.43,-35.86],[-62.41,-35.87],[-62.38,-35.9],[-62.35,-35.93],[-62.31,-35.96],[-62.3,-35.97],[-62.29,-35.97],[-62.28,-35.98],[-62.27,-36.0],[-62.25,-36.01],[-62.23,-36.03],[-62.22,-36.04],[-62.17,-36.07],[-62.14,-36.1],[-62.09,-36.15],[-62.08,-36.15],[-62.08,-36.15],[-62.09,-36.16],[-62.15,-36.21],[-62.22,-36.26],[-62.25,-36.29],[-62.29,-36.32],[-62.32,-36.34],[-62.33,-36.35],[-62.34,-36.35],[-62.35,-36.36],[-62.35,-36.36],[-62.35,-36.36],[-62.35,-36.36],[-62.35,-36.36],[-62.35,-36.36],[-62.36,-36.37],[-62.36,-36.37],[-62.36,-36.37],[-62.36,-36.37],[-62.37,-36.38],[-62.37,-36.38],[-62.41,-36.41],[-62.48,-36.46],[-62.48,-36.46],[-62.48,-36.46],[-62.48,-36.46],[-62.48,-36.46],[-62.48,-36.46],[-62.49,-36.47],[-62.49,-36.47],[-62.49,-36.47],[-62.49,-36.47],[-62.5,-36.48],[-62.51,-36.49],[-62.55,-36.52],[-62.58,-36.54],[-62.6,-36.55],[-62.6,-36.56],[-62.6,-36.56],[-62.6,-36.56],[-62.6,-36.56],[-62.61,-36.56],[-62.61,-36.55],[-62.62,-36.53],[-62.62,-36.51],[-62.63,-36.5],[-62.69,-36.45],[-62.73,-36.42],[-62.73,-36.42],[-62.74,-36.41],[-62.77,-36.39],[-62.8,-36.37],[-62.81,-36.35],[-62.81,-36.35],[-62.85,-36.32],[-62.88,-36.3],[-62.89,-36.29],[-62.93,-36.26],[-62.98,-36.22],[-63.03,-36.17],[-63.05,-36.16],[-63.07,-36.14],[-63.09,-36.13],[-63.1,-36.12],[-63.17,-36.06],[-63.2,-36.03],[-63.18,-36.02],[-63.14,-35.98],[-63.12,-35.96],[-63.07,-35.92],[-63.05,-35.91],[-62.99,-35.86],[-62.94,-35.82],[-62.93,-35.81],[-62.92,-35.81],[-62.93,-35.8],[-62.93,-35.8],[-62.9,-35.77],[-62.88,-35.76],[-62.86,-35.74],[-62.85,-35.73],[-62.83,-35.72],[-62.78,-35.68],[-62.7,-35.61],[-62.62,-35.55]]]]}},{"type":"Feature","id":"005","properties":{"nombre":"Ayacucho"},"geometry":{"type":"MultiPolygon","coordinates":[[[[-58.44,-36.45],[-58.62,-36.62],[-58.71,-36.71],[-58.68,-36.74],[-58.7,-36.75],[-58.72,-36.76],[-58.74,-36.77],[-58.76,-36.78],[-58.8,-36.8],[-58.8,-36.81],[-58.82,-36.82],[-58.84,-36.84],[-58.85,-36.83],[-58.85,-36.83],[-58.85,-36.83],[-58.85,-36.83],[-58.85,-36.83],[-58.85,-36.83],[-58.86,-36.84],[-58.87,-36.84],[-58.88,-36.85],[-58.87,-36.86],[-58.88,-36.86],[-58.89,-36.87],[-58.9,-36.87],[-58.91,-36.88],[-58.91,-36.89],[-58.91,-36.9],[-58.92,-36.91],[-58.93,-36.91],[-58.93,-36.92],[-58.94,-36.93],[-58.94,-36.93],[-58.95,-36.94],[-58.96,-36.94],[-58.97,-36.94],[-58.98,-36.94],[-58.99,-36.95],[-59.0,-36.95],[-59.01,-36.95],[-59.02,-36.96],[-59.03,-36.97],[-59.03,-36.98],[-59.03,-36.99],[-59.03,-37.0],[-59.04,-37.02],[-59.05,-37.03],[-59.07,-37.04],[-59.09,-37.06],[-59.0,-37.13],[-58.89,-37.2],[-58.77,-37.29],[-58.61,-37.41],[-58.4,-37.48],[-58.21,-37.43],[-57.97,-37.32],[-57.77,-37.14],[-57.87,-37.06],[-58.1,-37.02],[-58.25,-36.91],[-58.14,-36.76],[-58.29,-36.56],[-58.44,-36.45]]]]}},{"type":"Feature","id":"002","properties":{"nombre":"Alberti"},"geometry":{"type":"MultiPolygon","coordinates":[[[[-60.3,-34.88],[-60.24,-34.83],[-60.32,-34.76],[-60.39,-34.8],[-60.42,-34.83],[-60.46,-34.86],[-60.45,-34.87],[-60.45,-34.88],[-60.45,-34.88],[-60.45,-34.89],[-60.45,-34.9],[-60.45,-34.91],[-60.45,-34.92],[-60.46,-34.93],[-60.45,-34.93],[-60.47,-34.94],[-60.47,-34.94],[-60.48,-34.95],[-60.48,-34.96],[-60.48,-34.97],[-60.49,-34.98],[-60.48,-34.99],[-60.47,-35.0],[-60.47,-35.0],[-60.46,-35.01],[-60.45,-35.01],[-60.43,-35.02],[-60.44,-35.02],[-60.44,-35.04],[-60.42,-35.05],[-60.35,-35.11],[-60.36,-35.15],[-60.35,-35.19],[-60.32,-35.23],[-60.3,-35.25],[-60.25,-35.28],[-60.19,-35.25],[-60.11,-35.19],[-60.06,-35.14],[-60.03,-35.1],[-60.04,-35.1],[-60.05,-35.09],[-60.06,-35.09],[-60.06,-35.09],[-60.07,-35.09],[-60.08,-35.09],[-60.08,-35.09],[-60.09,-35.09],[-60.1,-35.09],[-60.11,-35.09],[-60.11,-35.09],[-60.12,-35.09],[-60.12,-35.08],[-60.13,-35.08],[-60.13,-35.08],[-60.14,-35.07],[-60.14,-35.07],[-60.15,-35.07],[-60.16,-35.0],[-60.21,-34.96],[-60.26,-34.92],[-60.3,-34.88]]]]}},{"type":"Feature","id":"031","properties":{"nombre":"Exaltaci\u00f3n de la Cruz"},"geometry":{"type":"MultiPolygon","coordinates":[[[[-59.31,-34.16],[-59.24,-34.17],[-59.18,-34.19],[-59.1,-34.22],[-59.05,-34.25],[-59.03,-34.27],[-59.01,-34.29],[-59.01,-34.3],[-58.97,-34.33],[-58.95,-34.36],[-58.94,-34.36],[-58.94,-34.36],[-58.94,-34.36],[-58.94,-34.36],[-58.94,-34.36],[-58.94,-34.36],[-58.93,-34.37],[-58.92,-34.38],[-58.92,-34.38],[-58.92,-34.39],[-58.92,-34.39],[-58.92,-34.39],[-58.92,-34.39],[-58.92,-34.4],[-58.92,-34.4],[-58.92,-34.41],[-58.92,-34.41],[-58.92,-34.41],[-58.92,-34.42],[-58.96,-34.38],[-58.98,-34.35],[-59.0,-34.38],[-59.03,-34.4],[-59.05,-34.42],[-59.08,-34.44],[-59.13,-34.42],[-59.18,-34.39],[-59.19,-34.37],[-59.28,-34.31],[-59.32,-34.26],[-59.38,-34.24],[-59.38,-34.23],[-59.38,-34.23],[-59.37,-34.22],[-59.37,-34.22],[-59.37,-34.21],[-59.37,-34.21],[-59.37,-34.21],[-59.37,-34.2],[-59.37,-34.2],[-59.36,-34.2],[-59.36,-34.19],[-59.35,-34.19],[-59.35,-34.18],[-59.34,-34.18],[-59.34,-34.18],[-59.33,-34.17],[-59.33,-34.17],[-59.33,-34.17],[-59.33,-34.17],[-59.33,-34.17],[-59.32,-34.17],[-59.32,-34.16],[-59.31,-34.16]]]]}},{"type":"Feature","id":"008","properties":{"nombre":"Balcarce"},"geometry":{"type":"MultiPolygon","coordinates":[[[[-58.58,-37.38],[-58.61,-37.41],[-58.63,-37.43],[-58.66,-37.45],[-58.69,-37.48],[-58.73,-37.51],[-58.77,-37.54],[-58.79,-37.56],[-58.75,-37.63],[-58.75,-37.63],[-58.73,-37.64],[-58.69,-37.67],[-58.67,-37.69],[-58.64,-37.71],[-58.62,-37.72],[-58.59,-37.74],[-58.57,-37.76],[-58.55,-37.77],[-58.52,-37.8],[-58.51,-37.81],[-58.54,-37.84],[-58.59,-37.88],[-58.54,-37.91],[-58.51,-37.94],[-58.49,-37.95],[-58.45,-37.99],[-58.43,-38.0],[-58.41,-38.01],[-58.39,-38.03],[-58.37,-38.04],[-58.35,-38.06],[-58.32,-38.08],[-58.3,-38.1],[-58.28,-38.11],[-58.26,-38.13],[-58.21,-38.09],[-58.18,-38.07],[-58.15,-38.04],[-58.13,-38.02],[-58.07,-37.98],[-58.01,-37.93],[-57.96,-37.89],[-57.94,-37.87],[-57.91,-37.84],[-57.85,-37.79],[-57.83,-37.78],[-57.79,-37.74],[-57.75,-37.71],[-57.74,-37.69],[-57.81,-37.65],[-57.86,-37.6],[-57.91,-37.57],[-57.97,-37.53],[-58.03,-37.48],[-58.18,-37.4],[-58.22,-37.44],[-58.27,-37.48],[-58.31,-37.47],[-58.33,-37.45],[-58.37,-37.45],[-58.39,-37.47],[-58.43,-37.5],[-58.48,-37.46],[-58.51,-37.44],[-58.56,-37.4],[-58.58,-37.38]]]]}},{"type":"Feature","id":"009","properties":{"nombre":"Baradero"},"geometry":{"type":"MultiPolygon","coordinates":[[[[-59.56,-33.77],[-59.54,-33.78],[-59.53,-33.78],[-59.53,-33.78],[-59.52,-33.78],[-59.46,-33.82],[-59.35,-33.87],[-59.3,-33.91],[-59.29,-33.93],[-59.33,-33.93],[-59.35,-33.94],[-59.34,-33.95],[-59.33,-33.98],[-59.32,-34.01],[-59.34,-34.04],[-59.4,-34.08],[-59.51,-34.1],[-59.54,-34.13],[-59.56,-34.16],[-59.62,-34.17],[-59.72,-34.13],[-59.71,-34.1],[-59.72,-34.07],[-59.74,-34.05],[-59.75,-34.02],[-59.75,-34.0],[-59.75,-34.0],[-59.74,-33.99],[-59.73,-33.99],[-59.73,-33.98],[-59.73,-33.98],[-59.72,-33.97],[-59.72,-33.96],[-59.72,-33.96],[-59.71,-33.95],[-59.71,-33.94],[-59.7,-33.94],[-59.7,-33.94],[-59.69,-33.93],[-59.68,-33.93],[-59.68,-33.92],[-59.66,-33.92],[-59.65,-33.92],[-59.65,-33.91],[-59.65,-33.9],[-59.64,-33.9],[-59.64,-33.89],[-59.63,-33.89],[-59.63,-33.88],[-59.63,-33.88],[-59.62,-33.88],[-59.61,-33.87],[-59.61,-33.87],[-59.61,-33.87],[-59.61,-33.86],[-59.6,-33.84],[-59.6,-33.82],[-59.59,-33.81],[-59.59,-33.8],[-59.58,-33.79],[-59.58,-33.78],[-59.56,-33.77]]]]}},{"type":"Feature","id":"013","properties":{"nombre":"Brandsen"},"geometry":{"type":"MultiPolygon","coordinates":[[[[-58.25,-35.05],[-58.26,-35.09],[-58.28,-35.1],[-58.41,-35.19],[-58.44,-35.22],[-58.43,-35.23],[-58.42,-35.23],[-58.4,-35.25],[-58.37,-35.27],[-58.35,-35.29],[-58.33,-35.3],[-58.31,-35.32],[-58.28,-35.34],[-58.25,-35.37],[-58.24,-35.39],[-58.22,-35.41],[-58.19,-35.39],[-58.18,-35.39],[-58.16,-35.4],[-58.14,-35.42],[-58.11,-35.4],[-58.08,-35.37],[-58.05,-35.34],[-58.04,-35.34],[-58.04,-35.34],[-58.04,-35.34],[-58.03,-35.34],[-57.98,-35.3],[-57.95,-35.28],[-57.93,-35.25],[-57.91,-35.24],[-57.91,-35.24],[-57.9,-35.23],[-57.91,-35.21],[-57.92,-35.2],[-57.94,-35.19],[-57.94,-35.18],[-57.95,-35.18],[-57.98,-35.17],[-58.01,-35.2],[-58.03,-35.21],[-58.04,-35.23],[-58.06,-35.24],[-58.08,-35.22],[-58.06,-35.2],[-58.05,-35.19],[-58.03,-35.18],[-58.03,-35.16],[-58.05,-35.14],[-58.06,-35.13],[-58.08,-35.12],[-58.11,-35.11],[-58.13,-35.1],[-58.14,-35.09],[-58.14,-35.08],[-58.15,-35.08],[-58.15,-35.07],[-58.16,-35.07],[-58.17,-35.05],[-58.16,-35.04],[-58.14,-35.02],[-58.13,-35.01],[-58.12,-35.0],[-58.13,-35.0],[-58.15,-34.98],[-58.18,-34.99],[-58.19,-35.0],[-58.2,-35.01],[-58.21,-35.02],[-58.22,-35.02],[-58.25,-35.05]]]]}},{"type":"Feature","id":"010","properties":{"nombre":"Arrecifes"},"geometry":{"type":"MultiPolygon","coordinates":[[[[-60.24,-33.99],[-60.23,-34.02],[-60.2,-34.04],[-60.18,-34.06],[-60.17,-34.07],[-60.18,-34.09],[-60.19,-34.12],[-60.2,-34.15],[-60.21,-34.18],[-60.19,-34.21],[-60.15,-34.22],[-60.11,-34.24],[-60.08,-34.25],[-60.04,-34.27],[-60.02,-34.25],[-60.0,-34.22],[-59.99,-34.21],[-59.98,-34.18],[-59.99,-34.16],[-59.99,-34.12],[-59.99,-34.1],[-59.97,-34.08],[-59.95,-34.08],[-59.94,-34.08],[-59.92,-34.07],[-59.9,-34.08],[-59.89,-34.08],[-59.88,-34.07],[-59.87,-34.06],[-59.86,-34.06],[-59.85,-34.06],[-59.85,-34.05],[-59.84,-34.05],[-59.84,-34.04],[-59.83,-34.03],[-59.82,-34.03],[-59.82,-34.02],[-59.81,-34.02],[-59.8,-34.01],[-59.8,-34.02],[-59.79,-34.02],[-59.79,-34.02],[-59.79,-34.01],[-59.83,-33.98],[-59.86,-33.95],[-59.9,-33.93],[-59.93,-33.9],[-59.96,-33.88],[-59.99,-33.85],[-60.02,-33.83],[-60.06,-33.82],[-60.09,-33.82],[-60.12,-33.8],[-60.14,-33.77],[-60.16,-33.76],[-60.18,-33.79],[-60.2,-33.83],[-60.22,-33.86],[-60.23,-33.89],[-60.23,-33.93],[-60.23,-33.96],[-60.24,-33.99]]]]}},{"type":"Feature","id":"011","properties":{"nombre":"Bol\u00edvar"},"geometry":{"type":"MultiPolygon","coordinates":[[[[-60.87,-35.84],[-60.96,-35.91],[-61.03,-35.88],[-61.18,-36.0],[-61.3,-36.1],[-61.38,-36.16],[-61.47,-36.29],[-61.56,-36.37],[-61.65,-36.44],[-61.68,-36.54],[-61.64,-36.59],[-61.54,-36.71],[-61.42,-36.68],[-61.16,-36.66],[-61.06,-36.58],[-60.97,-36.51],[-60.9,-36.4],[-60.9,-36.34],[-60.88,-36.33],[-60.87,-36.33],[-60.86,-36.32],[-60.86,-36.31],[-60.85,-36.31],[-60.84,-36.3],[-60.84,-36.29],[-60.83,-36.28],[-60.83,-36.28],[-60.82,-36.27],[-60.82,-36.26],[-60.81,-36.26],[-60.81,-36.25],[-60.8,-36.24],[-60.8,-36.23],[-60.81,-36.22],[-60.81,-36.22],[-60.81,-36.21],[-60.8,-36.21],[-60.79,-36.2],[-60.79,-36.19],[-60.78,-36.19],[-60.78,-36.18],[-60.78,-36.17],[-60.77,-36.16],[-60.76,-36.16],[-60.74,-36.15],[-60.72,-36.14],[-60.71,-36.14],[-60.69,-36.13],[-60.67,-36.12],[-60.65,-36.11],[-60.63,-36.11],[-60.62,-36.09],[-60.62,-36.08],[-60.6,-36.07],[-60.59,-36.06],[-60.58,-36.05],[-60.57,-36.03],[-60.55,-36.02],[-60.54,-36.01],[-60.53,-36.0],[-60.69,-35.96],[-60.75,-35.92],[-60.84,-35.87],[-60.87,-35.84]]]]}},{"type":"Feature","id":"019","properties":{"nombre":"Daireaux"},"geometry":{"type":"MultiPolygon","coordinates":[[[[-61.47,-36.9],[-61.39,-36.84],[-61.34,-36.8],[-61.27,-36.72],[-61.4,-36.67],[-61.44,-36.7],[-61.5,-36.74],[-61.53,-36.72],[-61.57,-36.69],[-61.63,-36.63],[-61.64,-36.59],[-61.62,-36.56],[-61.64,-36.55],[-61.7,-36.52],[-61.72,-36.5],[-61.79,-36.5],[-61.86,-36.44],[-61.91,-36.39],[-61.95,-36.4],[-62.03,-36.35],[-62.09,-36.29],[-62.13,-36.26],[-62.18,-36.27],[-62.26,-36.29],[-62.35,-36.36],[-62.36,-36.37],[-62.42,-36.5],[-62.4,-36.5],[-62.34,-36.53],[-62.29,-36.57],[-62.24,-36.61],[-62.22,-36.67],[-62.15,-36.68],[-62.12,-36.71],[-62.11,-36.72],[-62.08,-36.75],[-62.04,-36.78],[-62.0,-36.81],[-61.99,-36.81],[-61.99,-36.8],[-61.99,-36.81],[-62.0,-36.81],[-62.0,-36.82],[-62.0,-36.82],[-62.01,-36.82],[-62.01,-36.83],[-62.01,-36.84],[-62.0,-36.85],[-61.99,-36.85],[-62.0,-36.86],[-62.01,-36.86],[-62.01,-36.85],[-62.01,-36.86],[-61.95,-36.92],[-61.91,-36.95],[-61.82,-36.96],[-61.74,-36.93],[-61.71,-36.91],[-61.65,-36.95],[-61.63,-36.97],[-61.6,-37.0],[-61.55,-36.96],[-61.51,-36.93],[-61.48,-36.91],[-61.47,-36.9]]]]}},{"type":"Feature","id":"017","properties":{"nombre":"Carlos Tejedor"},"geometry":{"type":"MultiPolygon","coordinates":[[[[-62.61,-35.02],[-62.64,-35.05],[-62.66,-35.06],[-62.68,-35.08],[-62.66,-35.11],[-62.71,-35.1],[-62.77,-35.15],[-62.85,-35.22],[-62.87,-35.29],[-62.85,-35.35],[-62.78,-35.41],[-62.72,-35.45],[-62.67,-35.51],[-62.65,-35.53],[-62.62,-35.55],[-62.49,-35.66],[-62.45,-35.69],[-62.41,-35.72],[-62.38,-35.75],[-62.34,-35.78],[-62.23,-35.7],[-62.19,-35.66],[-62.14,-35.62],[-62.13,-35.57],[-62.1,-35.54],[-62.05,-35.5],[-62.02,-35.53],[-62.01,-35.54],[-61.99,-35.55],[-61.97,-35.53],[-61.93,-35.5],[-61.91,-35.49],[-61.96,-35.44],[-61.98,-35.43],[-62.0,-35.41],[-62.01,-35.4],[-62.03,-35.38],[-62.06,-35.36],[-62.1,-35.33],[-62.13,-35.3],[-62.15,-35.28],[-62.16,-35.27],[-62.18,-35.25],[-62.19,-35.24],[-62.2,-35.23],[-62.23,-35.21],[-62.22,-35.19],[-62.24,-35.17],[-62.27,-35.15],[-62.29,-35.16],[-62.32,-35.13],[-62.35,-35.11],[-62.39,-35.08],[-62.41,-35.06],[-62.43,-35.04],[-62.45,-35.03],[-62.47,-35.01],[-62.5,-35.03],[-62.53,-35.06],[-62.57,-35.06],[-62.6,-35.03],[-62.61,-35.02]]]]}},{"type":"Feature","id":"097","properties":{"nombre":"San Isidro"},"geometry":{"type":"MultiPolygon","coordinates":[[[[-58.55,-34.53],[-58.56,-34.53],[-58.56,-34.52],[-58.57,-34.52],[-58.57,-34.52],[-58.58,-34.51],[-58.58,-34.51],[-58.58,-34.5],[-58.59,-34.5],[-58.59,-34.5],[-58.59,-34.5],[-58.59,-34.5],[-58.6,-34.49],[-58.6,-34.49],[-58.6,-34.49],[-58.6,-34.49],[-58.6,-34.49],[-58.6,-34.49],[-58.6,-34.49],[-58.6,-34.49],[-58.59,-34.49],[-58.59,-34.48],[-58.59,-34.48],[-58.58,-34.48],[-58.58,-34.48],[-58.58,-34.48],[-58.58,-34.48],[-58.58,-34.48],[-58.58,-34.48],[-58.58,-34.48],[-58.57,-34.48],[-58.58,-34.48],[-58.57,-34.47],[-58.57,-34.47],[-58.57,-34.47],[-58.56,-34.47],[-58.55,-34.47],[-58.55,-34.46],[-58.55,-34.46],[-58.55,-34.46],[-58.55,-34.46],[-58.54,-34.46],[-58.54,-34.46],[-58.54,-34.46],[-58.53,-34.46],[-58.53,-34.46],[-58.53,-34.46],[-58.53,-34.46],[-58.53,-34.45],[-58.53,-34.45],[-58.53,-34.45],[-58.53,-34.45],[-58.53,-34.45],[-58.52,-34.45],[-58.52,-34.45],[-58.52,-34.45],[-58.52,-34.45],[-58.52,-34.45],[-58.52,-34.45],[-58.52,-34.45],[-58.52,-34.45],[-58.52,-34.44],[-58.51,-34.44],[-58.51,-34.44],[-58.51,-34.45],[-58.5,-34.45],[-58.5,-34.45],[-58.5,-34.45],[-58.5,-34.45],[-58.49,-34.46],[-58.49,-34.46],[-58.49,-34.47],[-58.49,-34.47],[-58.49,-34.47],[-58.48,-34.47],[-58.48,-34.47],[-58.48,-34.48],[-58.48,-34.48],[-58.48,-34.49],[-58.48,-34.49],[-58.48,-34.49],[-58.48,-34.49],[-58.48,-34.49],[-58.48,-34.49],[-58.49,-34.49],[-58.49,-34.49],[-58.5,-34.5],[-58.5,-34.5],[-58.51,-34.5],[-58.51,-34.51],[-58.52,-34.51],[-58.52,-34.51],[-58.52,-34.51],[-58.53,-34.51],[-58.53,-34.51],[-58.53,-34.51],[-58.53,-34.52],[-58.53,-34.52],[-58.53,-34.52],[-58.54,-34.52],[-58.54,-34.52],[-58.54,-34.52],[-58.54,-34.52],[-58.55,-34.52],[-58.55,-34.52],[-58.55,-34.52],[-58.55,-34.53]]]]}},{"type":"Feature","id":"020","properties":{"nombre":"Castelli"},"geometry":{"type":"MultiPolygon","coordinates":[[[[-57.39,-35.74],[-57.37,-35.75],[-57.37,-35.76],[-57.37,-35.78],[-57.38,-35.79],[-57.38,-35.8],[-57.39,-35.81],[-57.39,-35.82],[-57.4,-35.83],[-57.39,-35.84],[-57.39,-35.86],[-57.39,-35.89],[-57.39,-35.9],[-57.39,-35.93],[-57.38,-35.95],[-57.37,-35.98],[-57.36,-36.0],[-57.35,-36.01],[-57.35,-36.02],[-57.35,-36.03],[-57.34,-36.04],[-57.34,-36.06],[-57.33,-36.06],[-57.32,-36.07],[-57.32,-36.08],[-57.31,-36.08],[-57.31,-36.09],[-57.31,-36.1],[-57.32,-36.12],[-57.31,-36.1],[-57.29,-36.11],[-57.29,-36.12],[-57.28,-36.12],[-57.28,-36.13],[-57.29,-36.14],[-57.29,-36.14],[-57.28,-36.15],[-57.27,-36.15],[-57.27,-36.15],[-57.26,-36.16],[-57.25,-36.17],[-57.22,-36.19],[-57.73,-36.19],[-58.07,-36.18],[-57.98,-36.02],[-57.92,-35.99],[-57.84,-35.95],[-57.73,-35.92],[-57.71,-35.87],[-57.69,-35.83],[-57.65,-35.84],[-57.59,-35.83],[-57.56,-35.86],[-57.52,-35.83],[-57.49,-35.83],[-57.48,-35.79],[-57.46,-35.79],[-57.44,-35.78],[-57.42,-35.78],[-57.41,-35.77],[-57.4,-35.74],[-57.39,-35.74]]],[[[-57.32,-36.06],[-57.32,-36.06],[-57.32,-36.06],[-57.32,-36.06],[-57.32,-36.06],[-57.32,-36.06],[-57.32,-36.06],[-57.32,-36.06],[-57.32,-36.06],[-57.32,-36.06],[-57.32,-36.06],[-57.32,-36.06],[-57.32,-36.06],[-57.32,-36.06],[-57.32,-36.06],[-57.32,-36.06],[-57.32,-36.06],[-57.32,-36.06],[-57.32,-36.06],[-57.32,-36.06],[-57.32,-36.07],[-57.32,-36.07],[-57.32,-36.07],[-57.32,-36.07],[-57.32,-36.07],[-57.32,-36.07],[-57.32,-36.07],[-57.32,-36.07],[-57.32,-36.07],[-57.32,-36.07],[-57.32,-36.07],[-57.32,-36.07],[-57.32,-36.07],[-57.32,-36.06],[-57.32,-36.06],[-57.32,-36.06],[-57.32,-36.06],[-57.32,-36.06],[-57.32,-36.06],[-57.32,-36.06],[-57.32,-36.06],[-57.32,-36.06],[-57.32,-36.06],[-57.32,-36.06],[-57.32,-36.06],[-57.32,-36.06],[-57.32,-36.06],[-57.32,-36.06],[-57.32,-36.06],[-57.32,-36.06],[-57.32,-36.06],[-57.32,-36.06],[-57.32,-36.06],[-57.32,-36.06],[-57.32,-36.06],[-57.32,-36.06],[-57.32,-36.06],[-57.32,-36.06],[-57.32,-36.06],[-57.32,-36.06],[-57.32,-36.06],[-57.32,-36.06],[-57.32,-36.06]]],[[[-57.32,-36.06],[-57.32,-36.06],[-57.32,-36.06],[-57.32,-36.06],[-57.32,-36.06],[-57.32,-36.06],[-57.32,-36.06]]]]}},{"type":"Feature","id":"016","properties":{"nombre":"Carlos Casares"},"geometry":{"type":"MultiPolygon","coordinates":[[[[-61.53,-35.38],[-61.52,-35.39],[-61.49,-35.41],[-61.47,-35.43],[-61.46,-35.44],[-61.44,-35.45],[-61.43,-35.46],[-61.41,-35.48],[-61.39,-35.49],[-61.37,-35.51],[-61.34,-35.53],[-61.31,-35.55],[-61.28,-35.56],[-61.23,-35.59],[-61.19,-35.63],[-61.16,-35.67],[-61.13,-35.68],[-61.12,-35.7],[-61.09,-35.72],[-61.04,-35.78],[-61.07,-35.8],[-61.09,-35.83],[-61.07,-35.85],[-61.05,-35.87],[-61.04,-35.88],[-61.06,-35.9],[-61.1,-35.93],[-61.13,-35.95],[-61.17,-35.98],[-61.19,-36.0],[-61.26,-36.06],[-61.29,-36.05],[-61.32,-36.03],[-61.35,-36.03],[-61.37,-36.05],[-61.39,-36.07],[-61.43,-36.04],[-61.46,-36.02],[-61.49,-36.0],[-61.51,-35.98],[-61.54,-35.96],[-61.55,-35.94],[-61.55,-35.92],[-61.57,-35.91],[-61.58,-35.9],[-61.61,-35.88],[-61.6,-35.82],[-61.58,-35.81],[-61.54,-35.78],[-61.52,-35.76],[-61.53,-35.72],[-61.55,-35.71],[-61.57,-35.68],[-61.59,-35.66],[-61.58,-35.63],[-61.62,-35.6],[-61.65,-35.59],[-61.67,-35.58],[-61.7,-35.55],[-61.71,-35.53],[-61.69,-35.51],[-61.65,-35.48],[-61.62,-35.45],[-61.61,-35.44],[-61.57,-35.41],[-61.54,-35.38],[-61.53,-35.38]]]]}},{"type":"Feature","id":"037","properties":{"nombre":"General Guido"},"geometry":{"type":"MultiPolygon","coordinates":[[[[-57.99,-36.28],[-57.93,-36.32],[-57.91,-36.34],[-57.86,-36.37],[-57.83,-36.4],[-57.81,-36.41],[-57.78,-36.44],[-57.81,-36.47],[-57.78,-36.49],[-57.82,-36.53],[-57.85,-36.56],[-57.81,-36.59],[-57.78,-36.61],[-57.77,-36.62],[-57.78,-36.63],[-57.73,-36.67],[-57.69,-36.7],[-57.67,-36.73],[-57.71,-36.76],[-57.74,-36.74],[-57.77,-36.76],[-57.79,-36.77],[-57.81,-36.78],[-57.82,-36.79],[-57.83,-36.8],[-57.85,-36.82],[-57.88,-36.84],[-57.89,-36.85],[-57.9,-36.85],[-57.91,-36.84],[-57.92,-36.84],[-57.93,-36.84],[-57.95,-36.86],[-57.97,-36.87],[-57.95,-36.9],[-57.97,-36.92],[-57.98,-36.93],[-57.99,-36.94],[-58.0,-36.97],[-57.97,-36.99],[-57.94,-37.01],[-57.96,-37.03],[-58.0,-37.06],[-58.07,-37.04],[-58.11,-37.01],[-58.15,-36.98],[-58.17,-36.96],[-58.19,-36.95],[-58.22,-36.93],[-58.23,-36.92],[-58.25,-36.91],[-58.27,-36.9],[-58.27,-36.87],[-58.22,-36.82],[-58.2,-36.81],[-58.18,-36.79],[-58.15,-36.77],[-58.12,-36.73],[-58.15,-36.69],[-58.2,-36.65],[-58.21,-36.62],[-58.19,-36.59],[-58.15,-36.55],[-58.14,-36.55],[-58.1,-36.52],[-58.15,-36.49],[-58.18,-36.44],[-58.13,-36.4],[-58.09,-36.37],[-58.06,-36.34],[-58.02,-36.31],[-57.99,-36.28]]]]}},{"type":"Feature","id":"021","properties":{"nombre":"Col\u00f3n"},"geometry":{"type":"MultiPolygon","coordinates":[[[[-60.95,-33.92],[-60.97,-33.95],[-61.03,-34.0],[-61.05,-34.03],[-61.06,-34.04],[-61.07,-34.04],[-61.07,-34.04],[-61.07,-34.04],[-61.08,-34.05],[-61.08,-34.05],[-61.08,-34.05],[-61.09,-34.05],[-61.09,-34.05],[-61.1,-34.06],[-61.1,-34.06],[-61.1,-34.06],[-61.1,-34.06],[-61.11,-34.06],[-61.11,-34.07],[-61.13,-34.07],[-61.13,-34.08],[-61.13,-34.08],[-61.13,-34.08],[-61.14,-34.08],[-61.15,-34.08],[-61.15,-34.09],[-61.15,-34.09],[-61.16,-34.09],[-61.16,-34.09],[-61.16,-34.09],[-61.16,-34.09],[-61.16,-34.09],[-61.16,-34.09],[-61.16,-34.09],[-61.17,-34.09],[-61.17,-34.09],[-61.17,-34.09],[-61.17,-34.09],[-61.18,-34.1],[-61.18,-34.1],[-61.18,-34.1],[-61.19,-34.11],[-61.28,-34.07],[-61.28,-33.98],[-61.24,-33.94],[-61.2,-33.91],[-61.17,-33.88],[-61.14,-33.84],[-61.1,-33.81],[-61.01,-33.73],[-60.97,-33.69],[-60.93,-33.65],[-60.92,-33.64],[-60.92,-33.63],[-60.92,-33.61],[-60.92,-33.59],[-60.91,-33.58],[-60.87,-33.61],[-60.84,-33.65],[-60.81,-33.67],[-60.88,-33.73],[-60.86,-33.78],[-60.92,-33.87],[-60.91,-33.89],[-60.95,-33.92]]]]}},{"type":"Feature","id":"027","properties":{"nombre":"Chascom\u00fas"},"geometry":{"type":"MultiPolygon","coordinates":[[[[-57.99,-35.33],[-57.96,-35.36],[-57.93,-35.37],[-57.89,-35.39],[-57.87,-35.4],[-57.83,-35.42],[-57.81,-35.44],[-57.77,-35.45],[-57.75,-35.47],[-57.69,-35.48],[-57.68,-35.47],[-57.63,-35.47],[-57.62,-35.46],[-57.58,-35.46],[-57.55,-35.47],[-57.52,-35.47],[-57.49,-35.47],[-57.48,-35.47],[-57.47,-35.5],[-57.44,-35.52],[-57.45,-35.54],[-57.45,-35.57],[-57.45,-35.6],[-57.44,-35.63],[-57.42,-35.65],[-57.4,-35.66],[-57.39,-35.68],[-57.37,-35.68],[-57.37,-35.68],[-57.38,-35.69],[-57.38,-35.71],[-57.37,-35.71],[-57.35,-35.72],[-57.35,-35.73],[-57.36,-35.74],[-57.4,-35.74],[-57.4,-35.76],[-57.42,-35.78],[-57.44,-35.78],[-57.46,-35.78],[-57.47,-35.78],[-57.49,-35.81],[-57.83,-35.71],[-58.01,-35.74],[-58.17,-35.87],[-58.2,-35.84],[-58.22,-35.82],[-58.25,-35.82],[-58.28,-35.85],[-58.29,-35.86],[-58.31,-35.87],[-58.34,-35.86],[-58.35,-35.84],[-58.38,-35.83],[-58.41,-35.82],[-58.44,-35.77],[-58.45,-35.74],[-58.33,-35.63],[-58.18,-35.43],[-58.04,-35.35],[-58.0,-35.33],[-57.99,-35.33]]]]}},{"type":"Feature","id":"022","properties":{"nombre":"Coronel Dorrego"},"geometry":{"type":"MultiPolygon","coordinates":[[[[-61.19,-38.29],[-61.14,-38.31],[-61.11,-38.3],[-61.09,-38.29],[-61.07,-38.3],[-61.04,-38.3],[-61.02,-38.3],[-61.0,-38.31],[-60.95,-38.34],[-60.91,-38.36],[-60.87,-38.37],[-60.75,-38.36],[-60.69,-38.42],[-60.62,-38.49],[-60.6,-38.55],[-60.61,-38.61],[-60.59,-38.67],[-60.58,-38.73],[-60.55,-38.8],[-60.53,-38.86],[-60.5,-38.93],[-60.53,-38.93],[-60.55,-38.94],[-60.57,-38.94],[-60.59,-38.94],[-60.62,-38.94],[-60.64,-38.95],[-60.66,-38.95],[-60.68,-38.95],[-60.71,-38.95],[-60.74,-38.96],[-60.79,-38.97],[-60.88,-38.98],[-61.0,-38.98],[-61.03,-38.98],[-61.05,-38.99],[-61.08,-38.99],[-61.13,-38.95],[-61.29,-38.95],[-61.45,-38.92],[-61.49,-38.94],[-61.52,-38.92],[-61.56,-38.9],[-61.59,-38.89],[-61.62,-38.88],[-61.64,-38.86],[-61.66,-38.86],[-61.68,-38.83],[-61.7,-38.82],[-61.69,-38.8],[-61.7,-38.78],[-61.71,-38.77],[-61.72,-38.75],[-61.72,-38.74],[-61.72,-38.72],[-61.72,-38.71],[-61.73,-38.69],[-61.72,-38.67],[-61.66,-38.6],[-61.35,-38.39],[-61.3,-38.37],[-61.19,-38.29]]]]}},{"type":"Feature","id":"036","properties":{"nombre":"General Belgrano"},"geometry":{"type":"MultiPolygon","coordinates":[[[[-59.03,-35.57],[-59.03,-35.57],[-59.0,-35.59],[-58.97,-35.6],[-58.96,-35.62],[-58.93,-35.62],[-58.9,-35.61],[-58.9,-35.59],[-58.88,-35.6],[-58.89,-35.62],[-58.87,-35.64],[-58.84,-35.66],[-58.84,-35.68],[-58.82,-35.69],[-58.79,-35.7],[-58.78,-35.72],[-58.77,-35.75],[-58.74,-35.73],[-58.69,-35.73],[-58.67,-35.73],[-58.66,-35.74],[-58.63,-35.74],[-58.61,-35.74],[-58.58,-35.75],[-58.54,-35.75],[-58.53,-35.72],[-58.51,-35.75],[-58.49,-35.74],[-58.48,-35.71],[-58.46,-35.69],[-58.44,-35.72],[-58.45,-35.74],[-58.45,-35.77],[-58.42,-35.79],[-58.4,-35.82],[-58.35,-35.84],[-58.33,-35.87],[-58.29,-35.86],[-58.39,-35.96],[-58.59,-36.11],[-58.71,-36.02],[-58.82,-35.9],[-58.92,-35.83],[-58.99,-35.81],[-59.02,-35.78],[-59.09,-35.72],[-59.14,-35.67],[-59.14,-35.65],[-59.15,-35.65],[-59.15,-35.64],[-59.14,-35.63],[-59.13,-35.62],[-59.12,-35.62],[-59.1,-35.62],[-59.09,-35.62],[-59.08,-35.61],[-59.06,-35.61],[-59.05,-35.61],[-59.04,-35.61],[-59.03,-35.6],[-59.03,-35.59],[-59.03,-35.57]]]]}},{"type":"Feature","id":"029","properties":{"nombre":"Dolores"},"geometry":{"type":"MultiPolygon","coordinates":[[[[-57.65,-36.11],[-57.62,-36.11],[-57.58,-36.12],[-57.55,-36.12],[-57.53,-36.14],[-57.46,-36.15],[-57.42,-36.16],[-57.42,-36.18],[-57.43,-36.2],[-57.44,-36.23],[-57.45,-36.27],[-57.46,-36.31],[-57.47,-36.31],[-57.47,-36.32],[-57.47,-36.34],[-57.45,-36.35],[-57.38,-36.36],[-57.35,-36.36],[-57.36,-36.38],[-57.37,-36.39],[-57.4,-36.42],[-57.42,-36.45],[-57.43,-36.47],[-57.42,-36.49],[-57.42,-36.53],[-57.44,-36.55],[-57.46,-36.56],[-57.5,-36.58],[-57.52,-36.61],[-57.54,-36.62],[-57.58,-36.66],[-57.6,-36.68],[-57.63,-36.71],[-57.66,-36.72],[-57.69,-36.7],[-57.72,-36.68],[-57.77,-36.64],[-57.76,-36.62],[-57.77,-36.62],[-57.78,-36.61],[-57.81,-36.59],[-57.83,-36.57],[-57.83,-36.54],[-57.81,-36.52],[-57.78,-36.49],[-57.8,-36.47],[-57.8,-36.46],[-57.79,-36.43],[-57.81,-36.41],[-57.83,-36.4],[-57.86,-36.38],[-57.88,-36.36],[-57.92,-36.33],[-57.94,-36.31],[-57.99,-36.28],[-57.96,-36.27],[-57.91,-36.29],[-57.88,-36.29],[-57.83,-36.28],[-57.81,-36.25],[-57.81,-36.24],[-57.79,-36.21],[-57.77,-36.18],[-57.76,-36.18],[-57.73,-36.19],[-57.71,-36.2],[-57.66,-36.18],[-57.66,-36.15],[-57.65,-36.13],[-57.65,-36.11]]]]}},{"type":"Feature","id":"028","properties":{"nombre":"Chivilcoy"},"geometry":{"type":"MultiPolygon","coordinates":[[[[-60.01,-34.64],[-59.99,-34.66],[-59.99,-34.67],[-59.99,-34.68],[-59.98,-34.68],[-59.98,-34.68],[-59.97,-34.69],[-59.97,-34.69],[-59.87,-34.73],[-59.81,-34.81],[-59.8,-34.83],[-59.79,-34.83],[-59.77,-34.85],[-59.76,-34.86],[-59.75,-34.88],[-59.73,-34.88],[-59.72,-34.89],[-59.7,-34.89],[-59.7,-34.9],[-59.69,-34.91],[-59.68,-34.92],[-59.68,-34.92],[-59.68,-34.92],[-59.67,-34.93],[-59.66,-34.93],[-59.62,-34.98],[-59.64,-35.03],[-59.7,-35.08],[-59.75,-35.11],[-59.78,-35.14],[-59.83,-35.17],[-59.84,-35.16],[-59.86,-35.16],[-59.87,-35.14],[-59.88,-35.13],[-59.9,-35.12],[-59.91,-35.12],[-59.93,-35.12],[-59.95,-35.12],[-59.96,-35.13],[-59.98,-35.13],[-60.0,-35.12],[-60.02,-35.11],[-60.03,-35.1],[-60.05,-35.09],[-60.06,-35.09],[-60.07,-35.09],[-60.08,-35.09],[-60.09,-35.09],[-60.11,-35.09],[-60.12,-35.09],[-60.12,-35.08],[-60.13,-35.08],[-60.14,-35.07],[-60.15,-35.07],[-60.14,-35.02],[-60.18,-34.99],[-60.24,-34.93],[-60.28,-34.87],[-60.2,-34.79],[-60.17,-34.74],[-60.11,-34.66],[-60.02,-34.65],[-60.01,-34.64]]]]}},{"type":"Feature","id":"035","properties":{"nombre":"General Arenales"},"geometry":{"type":"MultiPolygon","coordinates":[[[[-61.21,-34.12],[-61.31,-34.04],[-61.37,-34.06],[-61.41,-34.1],[-61.45,-34.14],[-61.52,-34.2],[-61.55,-34.23],[-61.59,-34.26],[-61.64,-34.32],[-61.57,-34.32],[-61.51,-34.33],[-61.49,-34.32],[-61.44,-34.33],[-61.42,-34.39],[-61.36,-34.43],[-61.29,-34.42],[-61.27,-34.41],[-61.27,-34.4],[-61.27,-34.4],[-61.28,-34.4],[-61.27,-34.4],[-61.26,-34.4],[-61.25,-34.4],[-61.25,-34.4],[-61.24,-34.4],[-61.23,-34.42],[-61.23,-34.42],[-61.23,-34.44],[-61.22,-34.43],[-61.21,-34.43],[-61.21,-34.43],[-61.2,-34.43],[-61.19,-34.42],[-61.19,-34.41],[-61.19,-34.39],[-61.19,-34.39],[-61.2,-34.38],[-61.19,-34.37],[-61.18,-34.36],[-61.15,-34.35],[-61.1,-34.28],[-61.04,-34.26],[-61.02,-34.24],[-60.99,-34.25],[-60.97,-34.27],[-60.96,-34.27],[-60.95,-34.27],[-60.92,-34.24],[-60.94,-34.22],[-60.96,-34.2],[-61.0,-34.18],[-61.02,-34.16],[-61.04,-34.14],[-61.07,-34.11],[-61.1,-34.09],[-61.12,-34.07],[-61.14,-34.08],[-61.15,-34.08],[-61.15,-34.09],[-61.16,-34.09],[-61.18,-34.1],[-61.19,-34.11],[-61.21,-34.12]]]]}},{"type":"Feature","id":"056","properties":{"nombre":"Laprida"},"geometry":{"type":"MultiPolygon","coordinates":[[[[-60.81,-37.05],[-60.82,-37.06],[-60.83,-37.06],[-60.84,-37.07],[-60.85,-37.08],[-60.86,-37.08],[-60.86,-37.09],[-60.87,-37.1],[-60.88,-37.1],[-60.89,-37.11],[-60.9,-37.11],[-60.91,-37.12],[-60.92,-37.13],[-60.92,-37.13],[-60.93,-37.14],[-60.94,-37.15],[-60.95,-37.15],[-60.96,-37.16],[-60.96,-37.17],[-60.97,-37.17],[-60.98,-37.18],[-60.99,-37.18],[-60.99,-37.19],[-61.0,-37.2],[-61.01,-37.2],[-60.99,-37.22],[-60.9,-37.29],[-60.95,-37.35],[-60.96,-37.39],[-60.9,-37.43],[-60.93,-37.5],[-61.0,-37.55],[-61.06,-37.6],[-61.1,-37.62],[-61.17,-37.67],[-61.13,-37.72],[-61.07,-37.77],[-61.0,-37.82],[-60.92,-37.89],[-60.83,-37.92],[-60.74,-37.85],[-60.56,-37.72],[-60.52,-37.65],[-60.46,-37.59],[-60.38,-37.52],[-60.39,-37.46],[-60.49,-37.38],[-60.47,-37.35],[-60.48,-37.34],[-60.49,-37.33],[-60.5,-37.33],[-60.51,-37.32],[-60.52,-37.31],[-60.53,-37.31],[-60.54,-37.3],[-60.54,-37.29],[-60.55,-37.29],[-60.61,-37.24],[-60.74,-37.11],[-60.78,-37.08],[-60.79,-37.07],[-60.8,-37.07],[-60.81,-37.05]]]]}},{"type":"Feature","id":"044","properties":{"nombre":"General Pinto"},"geometry":{"type":"MultiPolygon","coordinates":[[[[-61.82,-34.39],[-61.87,-34.39],[-61.89,-34.39],[-61.97,-34.39],[-62.0,-34.39],[-62.04,-34.39],[-62.09,-34.39],[-62.12,-34.39],[-62.15,-34.39],[-62.21,-34.39],[-62.27,-34.4],[-62.29,-34.47],[-62.3,-34.52],[-62.31,-34.56],[-62.33,-34.57],[-62.34,-34.61],[-62.34,-34.64],[-62.35,-34.65],[-62.28,-34.67],[-62.19,-34.68],[-62.24,-34.76],[-62.3,-34.81],[-62.29,-34.81],[-62.28,-34.86],[-62.22,-34.89],[-62.2,-34.9],[-62.19,-34.92],[-62.15,-34.95],[-62.12,-34.97],[-62.1,-34.98],[-62.06,-34.95],[-62.04,-34.93],[-62.0,-34.9],[-61.98,-34.89],[-61.94,-34.92],[-61.92,-34.94],[-61.89,-34.94],[-61.88,-34.93],[-61.86,-34.91],[-61.84,-34.9],[-61.8,-34.87],[-61.79,-34.86],[-61.77,-34.85],[-61.74,-34.82],[-61.74,-34.81],[-61.73,-34.8],[-61.7,-34.79],[-61.69,-34.74],[-61.71,-34.73],[-61.76,-34.69],[-61.77,-34.68],[-61.73,-34.64],[-61.73,-34.64],[-61.71,-34.63],[-61.73,-34.61],[-61.76,-34.59],[-61.85,-34.64],[-61.86,-34.62],[-61.89,-34.6],[-61.92,-34.58],[-61.93,-34.56],[-61.95,-34.55],[-61.96,-34.54],[-61.98,-34.52],[-61.96,-34.49],[-61.92,-34.47],[-61.91,-34.46],[-61.9,-34.45],[-61.89,-34.44],[-61.87,-34.43],[-61.86,-34.42],[-61.84,-34.4],[-61.82,-34.39]]]]}},{"type":"Feature","id":"034","properties":{"nombre":"General Alvear"},"geometry":{"type":"MultiPolygon","coordinates":[[[[-60.21,-35.76],[-60.17,-35.79],[-60.12,-35.83],[-60.08,-35.8],[-60.03,-35.8],[-59.99,-35.83],[-59.94,-35.87],[-59.89,-35.91],[-59.87,-35.9],[-59.87,-35.87],[-59.84,-35.85],[-59.81,-35.85],[-59.77,-35.84],[-59.73,-35.83],[-59.68,-35.85],[-59.63,-35.88],[-59.59,-35.92],[-59.54,-35.96],[-59.54,-35.99],[-59.58,-36.03],[-59.63,-36.04],[-59.67,-36.07],[-59.72,-36.11],[-59.77,-36.07],[-59.81,-36.06],[-59.86,-36.09],[-59.86,-36.13],[-59.91,-36.17],[-59.95,-36.2],[-59.96,-36.23],[-59.99,-36.23],[-60.04,-36.19],[-60.1,-36.17],[-60.14,-36.21],[-60.18,-36.25],[-60.22,-36.28],[-60.27,-36.29],[-60.31,-36.28],[-60.36,-36.32],[-60.41,-36.29],[-60.46,-36.26],[-60.51,-36.23],[-60.56,-36.23],[-60.61,-36.21],[-60.66,-36.17],[-60.7,-36.14],[-60.64,-36.11],[-60.62,-36.08],[-60.58,-36.05],[-60.55,-36.02],[-60.51,-35.99],[-60.49,-35.99],[-60.48,-35.98],[-60.46,-35.96],[-60.45,-35.94],[-60.4,-35.92],[-60.39,-35.89],[-60.38,-35.89],[-60.33,-35.85],[-60.29,-35.82],[-60.24,-35.78],[-60.21,-35.76]]]]}},{"type":"Feature","id":"040","properties":{"nombre":"General La Madrid"},"geometry":{"type":"MultiPolygon","coordinates":[[[[-61.42,-36.86],[-61.48,-36.91],[-61.54,-36.95],[-61.63,-37.02],[-61.68,-37.05],[-61.73,-37.1],[-61.74,-37.11],[-61.73,-37.11],[-61.73,-37.12],[-61.73,-37.13],[-61.72,-37.14],[-61.72,-37.15],[-61.72,-37.16],[-61.71,-37.17],[-61.72,-37.18],[-61.71,-37.19],[-61.71,-37.2],[-61.71,-37.2],[-61.7,-37.21],[-61.7,-37.22],[-61.71,-37.22],[-61.71,-37.23],[-61.71,-37.24],[-61.72,-37.24],[-61.72,-37.25],[-61.73,-37.25],[-61.73,-37.26],[-61.73,-37.26],[-61.74,-37.27],[-61.74,-37.27],[-61.74,-37.28],[-61.75,-37.28],[-61.74,-37.28],[-61.75,-37.29],[-61.75,-37.29],[-61.75,-37.3],[-61.7,-37.34],[-61.61,-37.42],[-61.56,-37.46],[-61.58,-37.51],[-61.56,-37.56],[-61.51,-37.6],[-61.54,-37.66],[-61.5,-37.78],[-61.55,-37.82],[-61.57,-37.83],[-61.57,-37.89],[-61.5,-37.93],[-61.46,-37.9],[-61.36,-37.82],[-61.29,-37.76],[-61.21,-37.7],[-61.12,-37.63],[-61.07,-37.6],[-61.0,-37.54],[-60.92,-37.49],[-60.93,-37.41],[-60.97,-37.37],[-60.9,-37.29],[-60.99,-37.22],[-61.05,-37.17],[-61.17,-37.07],[-61.32,-36.95],[-61.4,-36.88],[-61.42,-36.86]]]]}},{"type":"Feature","id":"039","properties":{"nombre":"General Madariaga"},"geometry":{"type":"MultiPolygon","coordinates":[[[[-56.82,-37.02],[-56.9,-37.0],[-56.91,-37.0],[-56.92,-37.0],[-56.93,-37.0],[-56.95,-37.0],[-56.95,-36.99],[-56.96,-36.99],[-56.95,-36.98],[-56.95,-36.98],[-56.95,-36.97],[-56.95,-36.97],[-56.95,-36.97],[-56.95,-36.96],[-56.94,-36.96],[-56.94,-36.96],[-56.95,-36.96],[-56.96,-36.96],[-56.96,-36.96],[-56.96,-36.95],[-56.97,-36.95],[-56.98,-36.95],[-56.98,-36.95],[-56.98,-36.95],[-56.99,-36.94],[-56.99,-36.94],[-56.99,-36.93],[-56.99,-36.93],[-56.98,-36.92],[-56.98,-36.92],[-56.98,-36.92],[-56.98,-36.91],[-56.98,-36.9],[-56.99,-36.9],[-57.0,-36.9],[-57.0,-36.9],[-57.0,-36.9],[-56.99,-36.89],[-56.99,-36.88],[-57.0,-36.88],[-57.0,-36.86],[-57.09,-36.83],[-57.15,-36.8],[-57.23,-36.79],[-57.22,-36.91],[-57.29,-36.91],[-57.32,-36.93],[-57.32,-37.0],[-57.49,-37.02],[-57.57,-37.11],[-57.64,-37.17],[-57.65,-37.22],[-57.54,-37.3],[-57.5,-37.33],[-57.38,-37.41],[-57.29,-37.47],[-57.18,-37.5],[-57.13,-37.42],[-57.01,-37.27],[-56.97,-37.21],[-56.91,-37.13],[-56.86,-37.07],[-56.82,-37.02]]]]}},{"type":"Feature","id":"043","properties":{"nombre":"General Paz"},"geometry":{"type":"MultiPolygon","coordinates":[[[[-58.44,-35.22],[-58.43,-35.23],[-58.43,-35.23],[-58.4,-35.25],[-58.37,-35.27],[-58.35,-35.29],[-58.33,-35.3],[-58.31,-35.31],[-58.28,-35.34],[-58.25,-35.36],[-58.26,-35.38],[-58.23,-35.4],[-58.19,-35.39],[-58.18,-35.39],[-58.16,-35.4],[-58.17,-35.42],[-58.18,-35.43],[-58.17,-35.46],[-58.17,-35.49],[-58.21,-35.53],[-58.23,-35.55],[-58.25,-35.57],[-58.29,-35.6],[-58.3,-35.61],[-58.31,-35.62],[-58.33,-35.64],[-58.34,-35.65],[-58.37,-35.67],[-58.38,-35.68],[-58.39,-35.69],[-58.4,-35.7],[-58.42,-35.72],[-58.43,-35.73],[-58.44,-35.73],[-58.44,-35.72],[-58.44,-35.72],[-58.44,-35.71],[-58.44,-35.71],[-58.44,-35.7],[-58.45,-35.7],[-58.46,-35.69],[-58.47,-35.69],[-58.47,-35.69],[-58.47,-35.69],[-58.47,-35.7],[-58.47,-35.71],[-58.48,-35.71],[-58.49,-35.71],[-58.5,-35.66],[-58.5,-35.64],[-58.53,-35.63],[-58.56,-35.6],[-58.55,-35.58],[-58.52,-35.55],[-58.49,-35.53],[-58.48,-35.51],[-58.5,-35.49],[-58.53,-35.46],[-58.56,-35.44],[-58.57,-35.41],[-58.55,-35.39],[-58.54,-35.38],[-58.54,-35.35],[-58.57,-35.33],[-58.54,-35.3],[-58.49,-35.26],[-58.47,-35.24],[-58.44,-35.22]]]]}},{"type":"Feature","id":"051","properties":{"nombre":"Adolfo Gonzales Chaves"},"geometry":{"type":"MultiPolygon","coordinates":[[[[-60.45,-37.6],[-60.41,-37.71],[-60.3,-37.76],[-60.19,-37.78],[-60.03,-37.85],[-59.93,-37.8],[-59.91,-37.81],[-59.89,-37.83],[-59.88,-37.84],[-59.86,-37.85],[-59.85,-37.86],[-59.83,-37.87],[-59.81,-37.88],[-59.8,-37.9],[-59.78,-37.91],[-59.76,-37.91],[-59.75,-37.92],[-59.75,-37.93],[-59.74,-37.93],[-59.74,-37.94],[-59.73,-37.95],[-59.72,-37.95],[-59.71,-37.96],[-59.7,-37.97],[-59.7,-37.97],[-59.69,-37.97],[-59.69,-37.97],[-59.68,-37.98],[-59.68,-37.98],[-59.67,-37.98],[-59.67,-37.99],[-59.68,-37.99],[-59.67,-38.0],[-59.66,-38.01],[-59.65,-38.02],[-59.69,-38.07],[-59.78,-38.16],[-59.84,-38.23],[-59.84,-38.23],[-59.84,-38.22],[-59.84,-38.22],[-59.84,-38.21],[-59.85,-38.21],[-59.85,-38.2],[-59.85,-38.2],[-59.86,-38.2],[-59.86,-38.2],[-59.86,-38.19],[-59.86,-38.19],[-59.87,-38.18],[-59.87,-38.18],[-59.87,-38.18],[-59.88,-38.17],[-59.88,-38.16],[-59.97,-38.22],[-60.17,-38.18],[-60.28,-38.09],[-60.35,-38.03],[-60.48,-38.14],[-60.72,-38.06],[-60.83,-37.95],[-60.69,-37.81],[-60.51,-37.64],[-60.45,-37.6]]]]}},{"type":"Feature","id":"052","properties":{"nombre":"Guamin\u00ed"},"geometry":{"type":"MultiPolygon","coordinates":[[[[-62.47,-36.46],[-62.54,-36.51],[-62.62,-36.57],[-62.71,-36.64],[-62.75,-36.68],[-62.84,-36.75],[-62.9,-36.81],[-62.96,-36.87],[-62.83,-36.97],[-62.76,-37.03],[-62.7,-37.08],[-62.66,-37.11],[-62.59,-37.1],[-62.59,-37.11],[-62.58,-37.12],[-62.57,-37.12],[-62.56,-37.14],[-62.56,-37.15],[-62.55,-37.16],[-62.54,-37.17],[-62.53,-37.17],[-62.53,-37.18],[-62.52,-37.18],[-62.52,-37.19],[-62.51,-37.19],[-62.51,-37.2],[-62.51,-37.21],[-62.51,-37.21],[-62.51,-37.22],[-62.51,-37.23],[-62.52,-37.24],[-62.43,-37.35],[-62.33,-37.28],[-62.21,-37.18],[-62.13,-37.13],[-62.08,-37.09],[-62.06,-37.08],[-62.0,-37.03],[-61.95,-37.03],[-61.89,-37.05],[-61.86,-37.0],[-61.93,-36.93],[-62.01,-36.86],[-62.01,-36.85],[-62.0,-36.86],[-61.99,-36.85],[-62.01,-36.84],[-62.02,-36.83],[-62.01,-36.82],[-62.0,-36.82],[-61.99,-36.81],[-61.98,-36.8],[-61.99,-36.81],[-62.04,-36.78],[-62.08,-36.75],[-62.12,-36.71],[-62.15,-36.68],[-62.24,-36.64],[-62.27,-36.58],[-62.36,-36.51],[-62.41,-36.51],[-62.47,-36.46]]]]}},{"type":"Feature","id":"059","properties":{"nombre":"Leandro N. Alem"},"geometry":{"type":"MultiPolygon","coordinates":[[[[-61.55,-34.3],[-61.53,-34.32],[-61.51,-34.34],[-61.51,-34.33],[-61.49,-34.33],[-61.48,-34.31],[-61.46,-34.32],[-61.44,-34.33],[-61.42,-34.35],[-61.42,-34.39],[-61.4,-34.4],[-61.38,-34.42],[-61.36,-34.43],[-61.34,-34.46],[-61.36,-34.47],[-61.28,-34.54],[-61.29,-34.55],[-61.3,-34.56],[-61.33,-34.58],[-61.34,-34.59],[-61.36,-34.61],[-61.4,-34.64],[-61.41,-34.65],[-61.44,-34.67],[-61.46,-34.65],[-61.47,-34.65],[-61.48,-34.63],[-61.5,-34.62],[-61.55,-34.63],[-61.58,-34.66],[-61.6,-34.66],[-61.63,-34.67],[-61.66,-34.67],[-61.69,-34.65],[-61.71,-34.63],[-61.73,-34.61],[-61.77,-34.58],[-61.84,-34.64],[-61.87,-34.62],[-61.9,-34.59],[-61.92,-34.58],[-61.93,-34.56],[-61.94,-34.55],[-61.96,-34.54],[-61.98,-34.52],[-61.93,-34.47],[-61.92,-34.46],[-61.9,-34.46],[-61.89,-34.45],[-61.88,-34.44],[-61.87,-34.43],[-61.85,-34.42],[-61.83,-34.4],[-61.82,-34.39],[-61.8,-34.39],[-61.79,-34.39],[-61.75,-34.39],[-61.72,-34.39],[-61.69,-34.36],[-61.67,-34.34],[-61.64,-34.33],[-61.63,-34.34],[-61.59,-34.34],[-61.55,-34.3]]]]}},{"type":"Feature","id":"065","properties":{"nombre":"Magdalena"},"geometry":{"type":"MultiPolygon","coordinates":[[[[-57.71,-34.93],[-57.81,-35.02],[-57.91,-35.21],[-57.95,-35.28],[-58.03,-35.35],[-58.01,-35.34],[-57.99,-35.33],[-57.98,-35.35],[-57.95,-35.36],[-57.94,-35.37],[-57.92,-35.37],[-57.9,-35.38],[-57.88,-35.39],[-57.87,-35.4],[-57.85,-35.41],[-57.83,-35.42],[-57.82,-35.43],[-57.8,-35.44],[-57.7,-35.36],[-57.62,-35.33],[-57.66,-35.28],[-57.58,-35.36],[-57.54,-35.29],[-57.36,-35.23],[-57.32,-35.19],[-57.33,-35.17],[-57.34,-35.16],[-57.36,-35.14],[-57.38,-35.13],[-57.39,-35.11],[-57.41,-35.11],[-57.42,-35.09],[-57.43,-35.09],[-57.44,-35.07],[-57.45,-35.07],[-57.46,-35.06],[-57.47,-35.05],[-57.48,-35.04],[-57.49,-35.04],[-57.51,-35.03],[-57.51,-35.02],[-57.53,-35.02],[-57.54,-35.01],[-57.55,-35.01],[-57.56,-35.01],[-57.57,-35.01],[-57.58,-35.0],[-57.58,-35.0],[-57.59,-34.99],[-57.6,-34.99],[-57.61,-34.98],[-57.61,-34.98],[-57.62,-34.97],[-57.63,-34.96],[-57.64,-34.96],[-57.65,-34.95],[-57.65,-34.95],[-57.66,-34.95],[-57.67,-34.94],[-57.68,-34.93],[-57.69,-34.93],[-57.7,-34.93],[-57.71,-34.93]]]]}},{"type":"Feature","id":"061","properties":{"nombre":"Lober\u00eda"},"geometry":{"type":"MultiPolygon","coordinates":[[[[-58.81,-37.58],[-59.11,-37.83],[-59.13,-37.86],[-59.16,-37.88],[-59.17,-37.91],[-59.17,-37.93],[-59.15,-37.96],[-59.13,-37.97],[-59.12,-38.0],[-59.1,-38.01],[-59.08,-38.02],[-59.07,-38.04],[-59.05,-38.06],[-59.04,-38.07],[-59.04,-38.08],[-59.03,-38.1],[-59.01,-38.11],[-58.99,-38.12],[-58.98,-38.14],[-58.96,-38.15],[-58.95,-38.16],[-58.95,-38.18],[-58.93,-38.19],[-58.91,-38.2],[-58.91,-38.22],[-58.9,-38.23],[-58.9,-38.25],[-58.88,-38.27],[-58.84,-38.3],[-58.8,-38.35],[-58.79,-38.4],[-58.76,-38.45],[-58.75,-38.49],[-58.7,-38.5],[-58.59,-38.56],[-58.49,-38.54],[-58.47,-38.53],[-58.43,-38.51],[-58.4,-38.5],[-58.34,-38.49],[-58.26,-38.46],[-58.25,-38.44],[-58.27,-38.4],[-58.27,-38.37],[-58.28,-38.33],[-58.29,-38.31],[-58.3,-38.3],[-58.31,-38.29],[-58.31,-38.28],[-58.32,-38.27],[-58.33,-38.27],[-58.34,-38.25],[-58.33,-38.23],[-58.32,-38.22],[-58.33,-38.2],[-58.33,-38.19],[-58.34,-38.17],[-58.33,-38.14],[-58.34,-38.1],[-58.46,-37.98],[-58.63,-37.71],[-58.81,-37.58]]]]}},{"type":"Feature","id":"024","properties":{"nombre":"Coronel Su\u00e1rez"},"geometry":{"type":"MultiPolygon","coordinates":[[[[-61.79,-38.14],[-61.78,-38.14],[-61.78,-38.15],[-61.78,-38.16],[-61.77,-38.17],[-61.67,-38.06],[-61.51,-37.94],[-61.57,-37.83],[-61.5,-37.78],[-61.5,-37.63],[-61.6,-37.53],[-61.57,-37.46],[-61.72,-37.33],[-61.75,-37.29],[-61.74,-37.28],[-61.74,-37.28],[-61.74,-37.27],[-61.73,-37.26],[-61.72,-37.25],[-61.72,-37.24],[-61.71,-37.23],[-61.7,-37.22],[-61.71,-37.21],[-61.71,-37.19],[-61.72,-37.18],[-61.72,-37.16],[-61.72,-37.14],[-61.72,-37.12],[-61.74,-37.11],[-61.74,-37.09],[-61.62,-37.0],[-61.71,-36.91],[-61.87,-37.0],[-61.92,-37.06],[-61.93,-37.05],[-62.01,-37.04],[-62.11,-37.12],[-62.29,-37.24],[-62.4,-37.4],[-62.28,-37.47],[-62.21,-37.58],[-62.08,-37.71],[-62.09,-37.71],[-62.1,-37.72],[-62.1,-37.72],[-62.1,-37.93],[-62.05,-37.97],[-61.94,-38.02],[-61.92,-38.01],[-61.9,-38.02],[-61.89,-38.03],[-61.88,-38.03],[-61.86,-38.04],[-61.86,-38.05],[-61.85,-38.06],[-61.84,-38.06],[-61.83,-38.07],[-61.83,-38.07],[-61.82,-38.09],[-61.82,-38.1],[-61.8,-38.11],[-61.8,-38.12],[-61.79,-38.14]]]]}},{"type":"Feature","id":"123","properties":{"nombre":"La Costa"},"geometry":{"type":"MultiPolygon","coordinates":[[[[-56.72,-36.47],[-56.74,-36.53],[-56.71,-36.62],[-56.7,-36.78],[-56.75,-36.93],[-56.82,-37.03],[-56.78,-37.03],[-56.78,-37.02],[-56.77,-37.01],[-56.76,-37.0],[-56.75,-36.99],[-56.75,-36.98],[-56.74,-36.97],[-56.73,-36.96],[-56.73,-36.96],[-56.72,-36.95],[-56.71,-36.94],[-56.71,-36.93],[-56.7,-36.93],[-56.7,-36.92],[-56.69,-36.91],[-56.68,-36.91],[-56.68,-36.9],[-56.68,-36.9],[-56.67,-36.89],[-56.66,-36.88],[-56.67,-36.86],[-56.67,-36.85],[-56.67,-36.85],[-56.67,-36.84],[-56.67,-36.83],[-56.68,-36.82],[-56.67,-36.81],[-56.67,-36.8],[-56.67,-36.78],[-56.67,-36.77],[-56.67,-36.75],[-56.67,-36.74],[-56.67,-36.71],[-56.67,-36.69],[-56.68,-36.63],[-56.68,-36.61],[-56.68,-36.6],[-56.69,-36.57],[-56.69,-36.55],[-56.69,-36.53],[-56.69,-36.52],[-56.69,-36.49],[-56.69,-36.48],[-56.69,-36.47],[-56.7,-36.44],[-56.7,-36.4],[-56.71,-36.38],[-56.72,-36.36],[-56.73,-36.33],[-56.74,-36.32],[-56.76,-36.3],[-56.78,-36.29],[-56.78,-36.3],[-56.78,-36.31],[-56.76,-36.33],[-56.76,-36.35],[-56.73,-36.37],[-56.72,-36.42],[-56.72,-36.47]]]]}},{"type":"Feature","id":"068","properties":{"nombre":"Marcos Paz"},"geometry":{"type":"MultiPolygon","coordinates":[[[[-58.86,-34.68],[-58.88,-34.69],[-58.89,-34.7],[-58.9,-34.7],[-58.91,-34.7],[-58.91,-34.7],[-58.92,-34.7],[-58.93,-34.7],[-58.94,-34.71],[-58.94,-34.71],[-58.94,-34.71],[-58.94,-34.71],[-58.94,-34.71],[-58.94,-34.71],[-58.95,-34.72],[-58.95,-34.72],[-58.95,-34.72],[-58.95,-34.72],[-58.95,-34.72],[-58.95,-34.72],[-58.96,-34.73],[-58.97,-34.74],[-58.97,-34.74],[-58.97,-34.74],[-58.98,-34.75],[-58.99,-34.76],[-59.01,-34.76],[-59.02,-34.76],[-59.03,-34.77],[-58.93,-34.82],[-58.79,-34.96],[-58.78,-34.96],[-58.78,-34.96],[-58.77,-34.96],[-58.76,-34.96],[-58.76,-34.95],[-58.75,-34.94],[-58.73,-34.93],[-58.72,-34.92],[-58.71,-34.92],[-58.69,-34.91],[-58.76,-34.84],[-58.77,-34.83],[-58.76,-34.83],[-58.75,-34.83],[-58.75,-34.83],[-58.74,-34.83],[-58.74,-34.82],[-58.74,-34.82],[-58.73,-34.82],[-58.73,-34.82],[-58.73,-34.82],[-58.73,-34.82],[-58.72,-34.82],[-58.72,-34.82],[-58.71,-34.82],[-58.71,-34.82],[-58.71,-34.81],[-58.71,-34.81],[-58.78,-34.75],[-58.85,-34.71],[-58.86,-34.69],[-58.86,-34.68]]]]}},{"type":"Feature","id":"050","properties":{"nombre":"General Villegas"},"geometry":{"type":"MultiPolygon","coordinates":[[[[-62.27,-34.39],[-62.3,-34.51],[-62.32,-34.57],[-62.34,-34.63],[-62.38,-34.65],[-62.47,-34.63],[-62.52,-34.62],[-62.57,-34.61],[-62.59,-34.65],[-62.62,-34.65],[-62.62,-34.71],[-62.62,-34.79],[-62.61,-34.88],[-62.61,-34.92],[-62.61,-34.98],[-62.62,-35.01],[-62.65,-35.05],[-62.68,-35.08],[-62.69,-35.11],[-62.75,-35.14],[-62.87,-35.24],[-62.93,-35.29],[-62.98,-35.3],[-63.01,-35.27],[-63.06,-35.24],[-63.09,-35.21],[-63.09,-35.17],[-63.17,-35.15],[-63.22,-35.2],[-63.21,-35.23],[-63.24,-35.25],[-63.29,-35.29],[-63.31,-35.27],[-63.34,-35.31],[-63.36,-35.35],[-63.39,-35.3],[-63.39,-35.27],[-63.39,-35.24],[-63.39,-35.21],[-63.39,-35.16],[-63.39,-35.1],[-63.39,-35.02],[-63.39,-34.94],[-63.39,-34.88],[-63.38,-34.8],[-63.38,-34.73],[-63.38,-34.68],[-63.39,-34.63],[-63.39,-34.61],[-63.39,-34.56],[-63.38,-34.5],[-63.39,-34.45],[-63.34,-34.39],[-63.26,-34.39],[-63.12,-34.39],[-63.03,-34.39],[-62.95,-34.39],[-62.82,-34.39],[-62.69,-34.39],[-62.59,-34.39],[-62.48,-34.39],[-62.27,-34.39]]]]}},{"type":"Feature","id":"124","properties":{"nombre":"Pinamar"},"geometry":{"type":"MultiPolygon","coordinates":[[[[-56.82,-37.02],[-56.83,-37.03],[-56.84,-37.05],[-56.85,-37.06],[-56.86,-37.07],[-56.87,-37.09],[-56.89,-37.11],[-56.9,-37.12],[-56.9,-37.12],[-56.9,-37.12],[-56.9,-37.12],[-56.91,-37.13],[-56.91,-37.13],[-56.91,-37.14],[-56.94,-37.17],[-56.95,-37.18],[-56.91,-37.19],[-56.91,-37.19],[-56.91,-37.19],[-56.9,-37.18],[-56.9,-37.18],[-56.9,-37.18],[-56.9,-37.18],[-56.9,-37.17],[-56.9,-37.17],[-56.89,-37.17],[-56.89,-37.17],[-56.89,-37.17],[-56.89,-37.17],[-56.89,-37.17],[-56.89,-37.16],[-56.89,-37.16],[-56.89,-37.16],[-56.89,-37.16],[-56.88,-37.16],[-56.88,-37.16],[-56.88,-37.16],[-56.88,-37.15],[-56.88,-37.15],[-56.88,-37.15],[-56.88,-37.15],[-56.88,-37.15],[-56.87,-37.14],[-56.87,-37.14],[-56.87,-37.14],[-56.87,-37.14],[-56.87,-37.14],[-56.87,-37.14],[-56.87,-37.13],[-56.87,-37.13],[-56.86,-37.13],[-56.86,-37.13],[-56.86,-37.13],[-56.86,-37.12],[-56.86,-37.12],[-56.86,-37.12],[-56.85,-37.12],[-56.85,-37.12],[-56.85,-37.11],[-56.85,-37.11],[-56.85,-37.11],[-56.85,-37.11],[-56.84,-37.1],[-56.84,-37.1],[-56.84,-37.1],[-56.83,-37.09],[-56.83,-37.09],[-56.83,-37.09],[-56.83,-37.09],[-56.83,-37.08],[-56.82,-37.08],[-56.82,-37.07],[-56.82,-37.07],[-56.81,-37.06],[-56.8,-37.05],[-56.8,-37.05],[-56.8,-37.04],[-56.79,-37.04],[-56.79,-37.03],[-56.82,-37.02]]]]}},{"type":"Feature","id":"078","properties":{"nombre":"Olavarr\u00eda"},"geometry":{"type":"MultiPolygon","coordinates":[[[[-60.65,-36.34],[-60.75,-36.39],[-60.84,-36.44],[-60.97,-36.51],[-61.06,-36.58],[-61.16,-36.66],[-61.36,-36.82],[-61.35,-36.93],[-61.15,-37.09],[-61.01,-37.2],[-60.99,-37.19],[-60.98,-37.18],[-60.96,-37.17],[-60.95,-37.15],[-60.93,-37.14],[-60.92,-37.13],[-60.9,-37.12],[-60.88,-37.11],[-60.87,-37.09],[-60.85,-37.08],[-60.84,-37.07],[-60.82,-37.06],[-60.79,-37.07],[-60.78,-37.08],[-60.6,-37.25],[-60.54,-37.29],[-60.53,-37.3],[-60.51,-37.32],[-60.49,-37.33],[-60.48,-37.34],[-60.46,-37.36],[-60.45,-37.37],[-60.43,-37.37],[-60.41,-37.35],[-60.39,-37.34],[-60.37,-37.33],[-60.36,-37.31],[-60.33,-37.29],[-60.32,-37.28],[-60.3,-37.27],[-60.29,-37.26],[-60.28,-37.24],[-60.27,-37.23],[-60.25,-37.22],[-60.24,-37.21],[-60.22,-37.19],[-60.2,-37.18],[-60.16,-37.13],[-60.15,-37.12],[-60.13,-37.1],[-60.14,-37.08],[-60.12,-37.03],[-60.11,-37.0],[-60.08,-36.96],[-60.05,-36.94],[-60.04,-36.93],[-60.02,-36.9],[-60.01,-36.83],[-60.14,-36.74],[-60.27,-36.63],[-60.44,-36.56],[-60.57,-36.39],[-60.65,-36.34]]]]}},{"type":"Feature","id":"079","properties":{"nombre":"Patagones"},"geometry":{"type":"MultiPolygon","coordinates":[[[[-62.16,-39.88],[-62.16,-39.88],[-62.16,-39.88],[-62.16,-39.89],[-62.16,-39.89],[-62.16,-39.89],[-62.16,-39.89],[-62.16,-39.89],[-62.16,-39.89],[-62.16,-39.89],[-62.16,-39.89],[-62.16,-39.89],[-62.16,-39.89],[-62.16,-39.89],[-62.16,-39.89],[-62.15,-39.89],[-62.15,-39.89],[-62.15,-39.89],[-62.15,-39.89],[-62.15,-39.89],[-62.15,-39.89],[-62.15,-39.89],[-62.15,-39.89],[-62.15,-39.89],[-62.15,-39.89],[-62.15,-39.89],[-62.15,-39.89],[-62.15,-39.89],[-62.15,-39.89],[-62.15,-39.89],[-62.15,-39.89],[-62.15,-39.88],[-62.15,-39.88],[-62.15,-39.88],[-62.15,-39.88],[-62.16,-39.88],[-62.16,-39.88],[-62.16,-39.88]]],[[[-63.38,-39.64],[-63.19,-39.4],[-63.08,-39.47],[-62.98,-39.51],[-62.73,-39.51],[-62.52,-39.59],[-62.49,-39.66],[-62.4,-39.74],[-62.37,-39.78],[-62.29,-39.8],[-62.22,-39.83],[-62.15,-39.86],[-62.22,-39.86],[-62.26,-39.87],[-62.27,-39.85],[-62.27,-39.86],[-62.3,-39.88],[-62.32,-39.87],[-62.32,-39.93],[-62.32,-39.94],[-62.34,-39.97],[-62.33,-39.99],[-62.33,-40.01],[-62.34,-40.04],[-62.34,-40.07],[-62.35,-40.07],[-62.34,-40.12],[-62.33,-40.15],[-62.34,-40.18],[-62.35,-40.2],[-62.37,-40.22],[-62.39,-40.23],[-62.42,-40.24],[-62.44,-40.25],[-62.44,-40.26],[-62.46,-40.28],[-62.48,-40.3],[-62.48,-40.33],[-62.45,-40.38],[-62.43,-40.43],[-62.41,-40.46],[-62.37,-40.49],[-62.32,-40.5],[-62.33,-40.52],[-62.36,-40.52],[-62.33,-40.52],[-62.31,-40.53],[-62.27,-40.54],[-62.21,-40.56],[-62.2,-40.65],[-62.25,-40.73],[-62.3,-40.84],[-62.36,-40.9],[-62.45,-40.93],[-62.55,-40.96],[-62.69,-41.03],[-62.76,-41.03],[-62.95,-40.83],[-63.17,-40.73],[-63.36,-40.7],[-63.38,-39.8],[-63.38,-39.64]]],[[[-62.14,-40.4],[-62.14,-40.4],[-62.14,-40.41],[-62.14,-40.41],[-62.14,-40.42],[-62.15,-40.42],[-62.15,-40.42],[-62.15,-40.42],[-62.16,-40.43],[-62.16,-40.43],[-62.16,-40.43],[-62.16,-40.43],[-62.17,-40.43],[-62.17,-40.44],[-62.17,-40.44],[-62.18,-40.44],[-62.18,-40.44],[-62.18,-40.44],[-62.19,-40.44],[-62.19,-40.44],[-62.2,-40.44],[-62.2,-40.43],[-62.2,-40.42],[-62.2,-40.41],[-62.2,-40.41],[-62.19,-40.4],[-62.19,-40.39],[-62.19,-40.38],[-62.18,-40.38],[-62.18,-40.38],[-62.18,-40.37],[-62.17,-40.36],[-62.17,-40.36],[-62.17,-40.36],[-62.16,-40.37],[-62.16,-40.37],[-62.16,-40.37],[-62.17,-40.37],[-62.17,-40.38],[-62.17,-40.38],[-62.17,-40.38],[-62.17,-40.38],[-62.17,-40.38],[-62.17,-40.38],[-62.16,-40.38],[-62.16,-40.38],[-62.16,-40.38],[-62.15,-40.38],[-62.15,-40.38],[-62.15,-40.38],[-62.15,-40.38],[-62.15,-40.38],[-62.15,-40.38],[-62.15,-40.39],[-62.15,-40.39],[-62.15,-40.39],[-62.15,-40.39],[-62.16,-40.39],[-62.16,-40.4],[-62.16,-40.4],[-62.16,-40.4],[-62.16,-40.4],[-62.16,-40.4],[-62.15,-40.4],[-62.16,-40.4],[-62.16,-40.4],[-62.15,-40.4],[-62.15,-40.4],[-62.15,-40.4],[-62.14,-40.4],[-62.14,-40.4],[-62.14,-40.4]]],[[[-62.24,-39.86],[-62.24,-39.86],[-62.24,-39.86],[-62.24,-39.86],[-62.23,-39.86],[-62.23,-39.86],[-62.23,-39.86],[-62.23,-39.86],[-62.23,-39.86],[-62.23,-39.86],[-62.23,-39.86],[-62.23,-39.87],[-62.22,-39.87],[-62.22,-39.87],[-62.22,-39.87],[-62.22,-39.87],[-62.22,-39.87],[-62.22,-39.87],[-62.22,-39.87],[-62.22,-39.87],[-62.23,-39.88],[-62.23,-39.88],[-62.23,-39.88],[-62.23,-39.88],[-62.23,-39.88],[-62.23,-39.88],[-62.23,-39.88],[-62.23,-39.88],[-62.24,-39.88],[-62.24,-39.88],[-62.24,-39.88],[-62.25,-39.88],[-62.25,-39.87],[-62.25,-39.87],[-62.25,-39.87],[-62.25,-39.87],[-62.25,-39.87],[-62.25,-39.87],[-62.25,-39.87],[-62.26,-39.87],[-62.26,-39.87],[-62.26,-39.87],[-62.26,-39.87],[-62.26,-39.87],[-62.26,-39.87],[-62.26,-39.87],[-62.26,-39.87],[-62.26,-39.86],[-62.26,-39.86],[-62.26,-39.86],[-62.26,-39.86],[-62.26,-39.86],[-62.26,-39.86],[-62.26,-39.86],[-62.26,-39.86],[-62.26,-39.86],[-62.26,-39.86],[-62.25,-39.86],[-62.25,-39.86],[-62.25,-39.86],[-62.25,-39.86],[-62.24,-39.86]]],[[[-62.21,-39.86],[-62.21,-39.86],[-62.21,-39.86],[-62.21,-39.86],[-62.21,-39.86],[-62.21,-39.86],[-62.21,-39.87],[-62.21,-39.87],[-62.21,-39.87],[-62.21,-39.87],[-62.21,-39.87],[-62.21,-39.87],[-62.21,-39.87],[-62.2,-39.87],[-62.2,-39.87],[-62.2,-39.87],[-62.2,-39.87],[-62.2,-39.87],[-62.2,-39.87],[-62.2,-39.88],[-62.2,-39.88],[-62.2,-39.88],[-62.2,-39.88],[-62.2,-39.88],[-62.2,-39.88],[-62.2,-39.88],[-62.2,-39.88],[-62.2,-39.88],[-62.21,-39.88],[-62.21,-39.88],[-62.21,-39.88],[-62.21,-39.88],[-62.21,-39.88],[-62.21,-39.88],[-62.21,-39.88],[-62.22,-39.88],[-62.22,-39.88],[-62.22,-39.88],[-62.22,-39.88],[-62.22,-39.88],[-62.22,-39.88],[-62.22,-39.88],[-62.22,-39.88],[-62.22,-39.88],[-62.22,-39.88],[-62.22,-39.88],[-62.22,-39.88],[-62.22,-39.88],[-62.22,-39.88],[-62.22,-39.88],[-62.22,-39.88],[-62.22,-39.88],[-62.22,-39.88],[-62.22,-39.88],[-62.22,-39.88],[-62.22,-39.88],[-62.22,-39.88],[-62.22,-39.88],[-62.22,-39.88],[-62.22,-39.88],[-62.22,-39.88],[-62.22,-39.88],[-62.22,-39.87],[-62.22,-39.87],[-62.22,-39.87],[-62.22,-39.87],[-62.22,-39.87],[-62.22,-39.87],[-62.22,-39.87],[-62.22,-39.87],[-62.22,-39.87],[-62.22,-39.87],[-62.22,-39.87],[-62.22,-39.87],[-62.22,-39.87],[-62.22,-39.86],[-62.22,-39.86],[-62.22,-39.86],[-62.22,-39.86],[-62.21,-39.86]]],[[[-62.11,-39.86],[-62.11,-39.86],[-62.11,-39.86],[-62.11,-39.86],[-62.11,-39.86],[-62.11,-39.86],[-62.11,-39.86],[-62.11,-39.86],[-62.11,-39.86],[-62.11,-39.86],[-62.11,-39.86],[-62.11,-39.87],[-62.11,-39.87],[-62.11,-39.87],[-62.11,-39.87],[-62.11,-39.87],[-62.11,-39.87],[-62.11,-39.87],[-62.11,-39.87],[-62.11,-39.87],[-62.11,-39.88],[-62.11,-39.88],[-62.12,-39.88],[-62.12,-39.88],[-62.12,-39.88],[-62.12,-39.88],[-62.12,-39.88],[-62.12,-39.88],[-62.12,-39.88],[-62.12,-39.88],[-62.12,-39.88],[-62.12,-39.88],[-62.13,-39.89],[-62.13,-39.89],[-62.13,-39.89],[-62.13,-39.88],[-62.13,-39.88],[-62.13,-39.88],[-62.13,-39.88],[-62.13,-39.88],[-62.13,-39.88],[-62.13,-39.88],[-62.13,-39.88],[-62.13,-39.88],[-62.13,-39.88],[-62.13,-39.88],[-62.13,-39.88],[-62.13,-39.88],[-62.13,-39.88],[-62.13,-39.88],[-62.13,-39.88],[-62.13,-39.88],[-62.13,-39.88],[-62.13,-39.88],[-62.13,-39.88],[-62.13,-39.88],[-62.13,-39.88],[-62.13,-39.88],[-62.13,-39.88],[-62.13,-39.88],[-62.13,-39.88],[-62.13,-39.88],[-62.13,-39.88],[-62.13,-39.88],[-62.13,-39.88],[-62.13,-39.87],[-62.13,-39.87],[-62.13,-39.87],[-62.13,-39.87],[-62.12,-39.87],[-62.12,-39.87],[-62.12,-39.87],[-62.12,-39.87],[-62.12,-39.87],[-62.12,-39.87],[-62.12,-39.87],[-62.12,-39.87],[-62.12,-39.87],[-62.12,-39.87],[-62.11,-39.87],[-62.11,-39.87],[-62.11,-39.87],[-62.11,-39.86],[-62.11,-39.86],[-62.11,-39.86],[-62.11,-39.86],[-62.11,-39.86],[-62.11,-39.86],[-62.11,-39.86],[-62.11,-39.86],[-62.11,-39.86],[-62.11,-39.86]]],[[[-62.14,-39.94],[-62.14,-39.94],[-62.14,-39.94],[-62.14,-39.94],[-62.14,-39.94],[-62.14,-39.94],[-62.14,-39.94],[-62.14,-39.94],[-62.14,-39.94],[-62.14,-39.95],[-62.14,-39.95],[-62.14,-39.95],[-62.14,-39.95],[-62.14,-39.95],[-62.14,-39.95],[-62.14,-39.94],[-62.14,-39.94],[-62.14,-39.94],[-62.14,-39.94],[-62.14,-39.94],[-62.14,-39.94],[-62.14,-39.94],[-62.14,-39.94],[-62.14,-39.94]]],[[[-62.15,-39.94],[-62.15,-39.94],[-62.15,-39.94],[-62.15,-39.94],[-62.15,-39.94],[-62.15,-39.94],[-62.15,-39.94],[-62.15,-39.94],[-62.15,-39.94],[-62.15,-39.94],[-62.15,-39.94],[-62.15,-39.94],[-62.15,-39.94],[-62.15,-39.94],[-62.15,-39.95],[-62.15,-39.95],[-62.15,-39.95],[-62.15,-39.95],[-62.15,-39.95],[-62.15,-39.95],[-62.15,-39.94],[-62.15,-39.94],[-62.15,-39.94],[-62.15,-39.94],[-62.15,-39.94],[-62.15,-39.94],[-62.15,-39.94],[-62.15,-39.94],[-62.15,-39.94],[-62.15,-39.94],[-62.15,-39.94],[-62.15,-39.94],[-62.15,-39.94],[-62.15,-39.94],[-62.15,-39.94],[-62.15,-39.94],[-62.15,-39.94],[-62.15,-39.94]]],[[[-62.16,-39.92],[-62.16,-39.92],[-62.16,-39.92],[-62.16,-39.93],[-62.16,-39.93],[-62.16,-39.93],[-62.16,-39.93],[-62.16,-39.93],[-62.16,-39.93],[-62.16,-39.93],[-62.17,-39.93],[-62.17,-39.93],[-62.17,-39.93],[-62.17,-39.93],[-62.17,-39.93],[-62.17,-39.93],[-62.17,-39.93],[-62.17,-39.93],[-62.17,-39.93],[-62.17,-39.93],[-62.17,-39.93],[-62.17,-39.93],[-62.17,-39.93],[-62.17,-39.93],[-62.17,-39.93],[-62.17,-39.93],[-62.17,-39.93],[-62.17,-39.93],[-62.17,-39.93],[-62.17,-39.93],[-62.17,-39.93],[-62.17,-39.93],[-62.17,-39.93],[-62.17,-39.93],[-62.17,-39.93],[-62.17,-39.93],[-62.17,-39.92],[-62.16,-39.92]]],[[[-62.21,-40.49],[-62.2,-40.49],[-62.19,-40.49],[-62.18,-40.5],[-62.18,-40.5],[-62.18,-40.5],[-62.19,-40.5],[-62.19,-40.5],[-62.19,-40.51],[-62.19,-40.51],[-62.19,-40.51],[-62.19,-40.51],[-62.19,-40.51],[-62.19,-40.51],[-62.19,-40.51],[-62.19,-40.51],[-62.19,-40.51],[-62.2,-40.51],[-62.2,-40.51],[-62.2,-40.51],[-62.2,-40.51],[-62.2,-40.51],[-62.2,-40.51],[-62.2,-40.51],[-62.2,-40.52],[-62.2,-40.52],[-62.2,-40.52],[-62.2,-40.52],[-62.2,-40.52],[-62.2,-40.52],[-62.2,-40.52],[-62.21,-40.52],[-62.21,-40.52],[-62.21,-40.52],[-62.21,-40.52],[-62.21,-40.52],[-62.21,-40.52],[-62.21,-40.52],[-62.21,-40.52],[-62.22,-40.52],[-62.22,-40.52],[-62.22,-40.52],[-62.22,-40.51],[-62.22,-40.51],[-62.22,-40.51],[-62.23,-40.51],[-62.23,-40.51],[-62.23,-40.51],[-62.23,-40.51],[-62.23,-40.51],[-62.22,-40.51],[-62.22,-40.51],[-62.22,-40.51],[-62.22,-40.51],[-62.22,-40.51],[-62.22,-40.51],[-62.22,-40.51],[-62.22,-40.51],[-62.22,-40.51],[-62.22,-40.51],[-62.22,-40.51],[-62.22,-40.51],[-62.22,-40.51],[-62.22,-40.51],[-62.22,-40.51],[-62.22,-40.5],[-62.22,-40.5],[-62.22,-40.5],[-62.22,-40.5],[-62.22,-40.5],[-62.23,-40.5],[-62.23,-40.5],[-62.23,-40.5],[-62.22,-40.5],[-62.22,-40.5],[-62.22,-40.5],[-62.21,-40.49]]],[[[-62.36,-40.23],[-62.36,-40.23],[-62.36,-40.23],[-62.36,-40.23],[-62.36,-40.23],[-62.36,-40.23],[-62.36,-40.23],[-62.36,-40.23],[-62.36,-40.24],[-62.36,-40.24],[-62.36,-40.24],[-62.36,-40.24],[-62.36,-40.24],[-62.36,-40.24],[-62.36,-40.24],[-62.36,-40.24],[-62.36,-40.24],[-62.36,-40.24],[-62.36,-40.25],[-62.36,-40.25],[-62.36,-40.25],[-62.36,-40.25],[-62.36,-40.25],[-62.36,-40.25],[-62.36,-40.25],[-62.36,-40.25],[-62.36,-40.25],[-62.36,-40.25],[-62.36,-40.25],[-62.36,-40.25],[-62.36,-40.25],[-62.36,-40.26],[-62.36,-40.26],[-62.36,-40.26],[-62.37,-40.26],[-62.37,-40.26],[-62.37,-40.26],[-62.37,-40.26],[-62.37,-40.26],[-62.37,-40.26],[-62.37,-40.26],[-62.37,-40.26],[-62.37,-40.25],[-62.37,-40.25],[-62.37,-40.25],[-62.37,-40.25],[-62.37,-40.25],[-62.37,-40.25],[-62.37,-40.25],[-62.37,-40.25],[-62.37,-40.25],[-62.37,-40.25],[-62.37,-40.25],[-62.37,-40.25],[-62.37,-40.24],[-62.37,-40.24],[-62.37,-40.24],[-62.37,-40.24],[-62.37,-40.24],[-62.37,-40.24],[-62.37,-40.24],[-62.37,-40.24],[-62.37,-40.24],[-62.37,-40.24],[-62.37,-40.24],[-62.37,-40.24],[-62.37,-40.23],[-62.37,-40.23],[-62.37,-40.23],[-62.37,-40.23],[-62.37,-40.23],[-62.37,-40.23],[-62.36,-40.23],[-62.36,-40.23]]]]}},{"type":"Feature","id":"120","properties":{"nombre":"Berazategui"},"geometry":{"type":"MultiPolygon","coordinates":[[[[-58.2,-34.74],[-58.23,-34.75],[-58.24,-34.76],[-58.25,-34.76],[-58.26,-34.77],[-58.26,-34.79],[-58.25,-34.79],[-58.25,-34.79],[-58.24,-34.8],[-58.23,-34.8],[-58.23,-34.81],[-58.2,-34.81],[-58.2,-34.82],[-58.19,-34.84],[-58.18,-34.87],[-58.23,-34.91],[-58.24,-34.93],[-58.21,-34.94],[-58.19,-34.92],[-58.17,-34.91],[-58.15,-34.89],[-58.12,-34.86],[-58.11,-34.86],[-58.11,-34.85],[-58.11,-34.85],[-58.1,-34.85],[-58.09,-34.84],[-58.09,-34.84],[-58.09,-34.84],[-58.08,-34.84],[-58.08,-34.83],[-58.03,-34.79],[-58.02,-34.78],[-58.06,-34.78],[-58.08,-34.77],[-58.09,-34.76],[-58.1,-34.76],[-58.1,-34.76],[-58.11,-34.75],[-58.11,-34.75],[-58.12,-34.75],[-58.12,-34.75],[-58.12,-34.75],[-58.12,-34.75],[-58.13,-34.75],[-58.13,-34.75],[-58.13,-34.75],[-58.13,-34.75],[-58.13,-34.75],[-58.13,-34.75],[-58.13,-34.75],[-58.13,-34.75],[-58.13,-34.75],[-58.14,-34.75],[-58.14,-34.75],[-58.15,-34.75],[-58.16,-34.75],[-58.16,-34.75],[-58.17,-34.75],[-58.17,-34.75],[-58.18,-34.74],[-58.18,-34.74],[-58.19,-34.74],[-58.19,-34.74],[-58.19,-34.74],[-58.19,-34.74],[-58.19,-34.74],[-58.19,-34.74],[-58.19,-34.74],[-58.19,-34.74],[-58.19,-34.74],[-58.2,-34.74]]]]}},{"type":"Feature","id":"115","properties":{"nombre":"Ensenada"},"geometry":{"type":"MultiPolygon","coordinates":[[[[-58.02,-34.78],[-58.08,-34.84],[-58.06,-34.85],[-58.0,-34.87],[-57.99,-34.88],[-57.97,-34.87],[-57.93,-34.9],[-57.9,-34.87],[-57.94,-34.83],[-57.99,-34.8],[-57.99,-34.8],[-57.99,-34.8],[-57.99,-34.8],[-57.99,-34.8],[-57.99,-34.8],[-57.99,-34.8],[-57.99,-34.8],[-57.99,-34.8],[-57.99,-34.8],[-57.99,-34.8],[-57.99,-34.8],[-57.99,-34.8],[-57.99,-34.8],[-57.99,-34.79],[-57.99,-34.79],[-58.0,-34.79],[-58.0,-34.79],[-58.0,-34.79],[-58.0,-34.79],[-58.0,-34.79],[-58.0,-34.79],[-58.0,-34.79],[-58.0,-34.79],[-58.0,-34.79],[-58.0,-34.79],[-58.0,-34.79],[-58.0,-34.79],[-58.0,-34.79],[-58.0,-34.79],[-58.0,-34.79],[-58.0,-34.79],[-58.0,-34.79],[-58.0,-34.79],[-58.0,-34.79],[-58.0,-34.79],[-58.0,-34.79],[-58.0,-34.78],[-58.01,-34.78],[-58.01,-34.78],[-58.01,-34.78],[-58.01,-34.78],[-58.01,-34.78],[-58.01,-34.78],[-58.01,-34.78],[-58.01,-34.78],[-58.01,-34.78],[-58.01,-34.78],[-58.01,-34.78],[-58.01,-34.78],[-58.01,-34.78],[-58.01,-34.78],[-58.01,-34.78],[-58.01,-34.78],[-58.01,-34.78],[-58.02,-34.78],[-58.02,-34.78]]]]}},{"type":"Feature","id":"067","properties":{"nombre":"Salto"},"geometry":{"type":"MultiPolygon","coordinates":[[[[-60.3,-34.0],[-60.29,-34.0],[-60.28,-34.01],[-60.27,-34.01],[-60.25,-34.01],[-60.24,-34.01],[-60.23,-34.02],[-60.22,-34.03],[-60.21,-34.03],[-60.2,-34.04],[-60.19,-34.05],[-60.19,-34.05],[-60.18,-34.06],[-60.17,-34.06],[-60.17,-34.07],[-60.17,-34.08],[-60.18,-34.09],[-60.18,-34.1],[-60.19,-34.11],[-60.18,-34.13],[-60.19,-34.14],[-60.2,-34.15],[-60.21,-34.17],[-60.21,-34.18],[-60.21,-34.19],[-60.2,-34.2],[-60.0,-34.31],[-60.19,-34.45],[-60.45,-34.45],[-60.56,-34.41],[-60.57,-34.38],[-60.57,-34.38],[-60.56,-34.37],[-60.55,-34.36],[-60.54,-34.35],[-60.54,-34.34],[-60.54,-34.33],[-60.54,-34.32],[-60.54,-34.31],[-60.54,-34.3],[-60.54,-34.29],[-60.55,-34.28],[-60.55,-34.27],[-60.54,-34.27],[-60.54,-34.26],[-60.53,-34.26],[-60.52,-34.25],[-60.51,-34.24],[-60.51,-34.24],[-60.5,-34.23],[-60.49,-34.23],[-60.49,-34.22],[-60.48,-34.21],[-60.47,-34.2],[-60.47,-34.19],[-60.48,-34.19],[-60.49,-34.19],[-60.49,-34.18],[-60.5,-34.18],[-60.32,-34.0],[-60.31,-34.0],[-60.3,-34.0]]]]}},{"type":"Feature","id":"096","properties":{"nombre":"San Fernando"},"geometry":{"type":"MultiPolygon","coordinates":[[[[-58.56,-34.42],[-58.56,-34.43],[-58.56,-34.43],[-58.57,-34.43],[-58.57,-34.44],[-58.57,-34.44],[-58.57,-34.44],[-58.57,-34.44],[-58.58,-34.44],[-58.6,-34.45],[-58.59,-34.45],[-58.59,-34.45],[-58.59,-34.45],[-58.59,-34.46],[-58.59,-34.46],[-58.6,-34.46],[-58.59,-34.46],[-58.59,-34.46],[-58.59,-34.46],[-58.6,-34.46],[-58.6,-34.46],[-58.6,-34.46],[-58.6,-34.47],[-58.6,-34.47],[-58.6,-34.47],[-58.6,-34.47],[-58.6,-34.47],[-58.6,-34.47],[-58.6,-34.47],[-58.6,-34.47],[-58.6,-34.47],[-58.6,-34.48],[-58.6,-34.48],[-58.6,-34.48],[-58.6,-34.48],[-58.6,-34.48],[-58.61,-34.48],[-58.61,-34.48],[-58.6,-34.48],[-58.6,-34.48],[-58.6,-34.48],[-58.6,-34.49],[-58.6,-34.49],[-58.6,-34.49],[-58.59,-34.48],[-58.58,-34.48],[-58.58,-34.48],[-58.57,-34.47],[-58.57,-34.47],[-58.55,-34.46],[-58.54,-34.46],[-58.53,-34.46],[-58.53,-34.45],[-58.53,-34.45],[-58.52,-34.45],[-58.52,-34.45],[-58.52,-34.45],[-58.52,-34.44],[-58.53,-34.44],[-58.53,-34.44],[-58.54,-34.44],[-58.54,-34.44],[-58.54,-34.43],[-58.54,-34.43],[-58.54,-34.43],[-58.55,-34.43],[-58.56,-34.42]]]]}},{"type":"Feature","id":"099","properties":{"nombre":"San Pedro"},"geometry":{"type":"MultiPolygon","coordinates":[[[[-59.83,-33.58],[-59.81,-33.6],[-59.79,-33.61],[-59.77,-33.63],[-59.74,-33.64],[-59.68,-33.66],[-59.64,-33.69],[-59.62,-33.72],[-59.59,-33.74],[-59.56,-33.76],[-59.51,-33.78],[-59.52,-33.77],[-59.53,-33.78],[-59.54,-33.78],[-59.55,-33.77],[-59.56,-33.77],[-59.58,-33.78],[-59.58,-33.79],[-59.59,-33.8],[-59.59,-33.81],[-59.6,-33.82],[-59.6,-33.83],[-59.6,-33.85],[-59.61,-33.86],[-59.61,-33.87],[-59.61,-33.87],[-59.62,-33.87],[-59.62,-33.87],[-59.63,-33.88],[-59.63,-33.88],[-59.63,-33.89],[-59.64,-33.89],[-59.64,-33.9],[-59.65,-33.9],[-59.65,-33.91],[-59.65,-33.91],[-59.66,-33.92],[-59.68,-33.92],[-59.68,-33.93],[-59.69,-33.93],[-59.69,-33.93],[-59.7,-33.94],[-59.71,-33.94],[-59.71,-33.94],[-59.71,-33.95],[-59.72,-33.96],[-59.72,-33.97],[-59.72,-33.97],[-59.73,-33.98],[-59.73,-33.98],[-59.74,-33.99],[-59.74,-33.99],[-59.75,-34.0],[-59.75,-34.0],[-59.76,-34.0],[-59.76,-34.01],[-59.77,-34.01],[-59.83,-33.98],[-59.88,-33.94],[-59.98,-33.86],[-60.02,-33.82],[-59.94,-33.68],[-59.83,-33.58]]]]}},{"type":"Feature","id":"129","properties":{"nombre":"Presidente Per\u00f3n"},"geometry":{"type":"MultiPolygon","coordinates":[[[[-58.41,-34.87],[-58.42,-34.89],[-58.44,-34.89],[-58.44,-34.89],[-58.45,-34.9],[-58.45,-34.9],[-58.46,-34.91],[-58.46,-34.91],[-58.49,-34.93],[-58.49,-34.93],[-58.49,-34.93],[-58.47,-34.95],[-58.46,-34.95],[-58.46,-34.95],[-58.46,-34.96],[-58.47,-34.97],[-58.47,-34.97],[-58.47,-35.0],[-58.47,-35.0],[-58.47,-35.01],[-58.47,-35.01],[-58.47,-35.01],[-58.46,-35.01],[-58.46,-35.0],[-58.46,-35.0],[-58.46,-35.0],[-58.46,-35.0],[-58.46,-35.0],[-58.45,-34.99],[-58.45,-34.99],[-58.45,-34.99],[-58.45,-34.99],[-58.45,-34.99],[-58.44,-34.99],[-58.44,-34.99],[-58.44,-34.99],[-58.44,-34.98],[-58.43,-34.98],[-58.43,-34.98],[-58.42,-34.98],[-58.41,-34.97],[-58.41,-34.97],[-58.41,-34.98],[-58.41,-34.98],[-58.4,-34.98],[-58.4,-34.97],[-58.4,-34.97],[-58.4,-34.97],[-58.4,-34.97],[-58.39,-34.97],[-58.39,-34.96],[-58.38,-34.95],[-58.38,-34.95],[-58.38,-34.95],[-58.38,-34.96],[-58.38,-34.96],[-58.38,-34.95],[-58.36,-34.95],[-58.36,-34.95],[-58.36,-34.95],[-58.36,-34.94],[-58.36,-34.94],[-58.35,-34.94],[-58.35,-34.94],[-58.35,-34.94],[-58.35,-34.94],[-58.35,-34.94],[-58.35,-34.94],[-58.35,-34.94],[-58.34,-34.94],[-58.34,-34.94],[-58.34,-34.93],[-58.32,-34.93],[-58.32,-34.93],[-58.29,-34.92],[-58.28,-34.92],[-58.28,-34.92],[-58.28,-34.92],[-58.27,-34.92],[-58.28,-34.91],[-58.3,-34.9],[-58.31,-34.87],[-58.34,-34.89],[-58.35,-34.89],[-58.36,-34.89],[-58.39,-34.91],[-58.4,-34.91],[-58.42,-34.88],[-58.41,-34.88],[-58.41,-34.87]]]]}},{"type":"Feature","id":"075","properties":{"nombre":"Navarro"},"geometry":{"type":"MultiPolygon","coordinates":[[[[-59.21,-34.8],[-59.27,-34.83],[-59.34,-34.86],[-59.4,-34.86],[-59.49,-34.88],[-59.57,-34.93],[-59.62,-34.97],[-59.61,-35.0],[-59.64,-35.02],[-59.66,-35.04],[-59.7,-35.07],[-59.73,-35.09],[-59.75,-35.11],[-59.76,-35.12],[-59.78,-35.14],[-59.81,-35.17],[-59.82,-35.18],[-59.8,-35.18],[-59.79,-35.18],[-59.78,-35.18],[-59.77,-35.17],[-59.77,-35.18],[-59.76,-35.19],[-59.76,-35.2],[-59.75,-35.2],[-59.74,-35.2],[-59.74,-35.21],[-59.73,-35.22],[-59.72,-35.22],[-59.7,-35.22],[-59.69,-35.22],[-59.68,-35.22],[-59.66,-35.22],[-59.65,-35.21],[-59.64,-35.2],[-59.64,-35.2],[-59.62,-35.2],[-59.61,-35.19],[-59.6,-35.19],[-59.58,-35.18],[-59.58,-35.18],[-59.57,-35.19],[-59.55,-35.2],[-59.55,-35.21],[-59.54,-35.22],[-59.55,-35.23],[-59.56,-35.24],[-59.55,-35.25],[-59.53,-35.24],[-59.5,-35.23],[-59.45,-35.2],[-59.41,-35.18],[-59.35,-35.15],[-59.32,-35.14],[-59.29,-35.12],[-59.25,-35.1],[-59.24,-35.07],[-59.19,-35.06],[-59.14,-35.01],[-59.09,-34.97],[-59.09,-34.94],[-59.12,-34.93],[-59.17,-34.89],[-59.17,-34.81],[-59.2,-34.81],[-59.21,-34.8]]]]}},{"type":"Feature","id":"081","properties":{"nombre":"Pellegrini"},"geometry":{"type":"MultiPolygon","coordinates":[[[[-63.39,-35.88],[-63.36,-35.9],[-63.34,-35.92],[-63.32,-35.94],[-63.29,-35.96],[-63.27,-35.98],[-63.24,-36.0],[-63.19,-36.04],[-63.17,-36.06],[-63.15,-36.08],[-63.13,-36.1],[-63.1,-36.12],[-63.06,-36.15],[-63.05,-36.16],[-63.05,-36.16],[-63.03,-36.17],[-63.03,-36.18],[-63.02,-36.19],[-63.01,-36.19],[-62.99,-36.2],[-62.98,-36.21],[-62.97,-36.22],[-62.96,-36.23],[-62.95,-36.24],[-62.94,-36.25],[-62.96,-36.26],[-62.98,-36.28],[-62.98,-36.31],[-63.0,-36.33],[-63.0,-36.33],[-63.01,-36.33],[-63.02,-36.34],[-63.02,-36.34],[-63.02,-36.35],[-63.03,-36.35],[-63.04,-36.36],[-63.03,-36.37],[-63.04,-36.38],[-63.07,-36.4],[-63.06,-36.43],[-63.13,-36.48],[-63.15,-36.5],[-63.18,-36.52],[-63.2,-36.54],[-63.22,-36.56],[-63.25,-36.58],[-63.25,-36.58],[-63.27,-36.59],[-63.28,-36.61],[-63.3,-36.59],[-63.32,-36.58],[-63.34,-36.56],[-63.35,-36.56],[-63.36,-36.54],[-63.37,-36.53],[-63.39,-36.52],[-63.39,-36.51],[-63.39,-36.48],[-63.39,-36.45],[-63.39,-36.44],[-63.39,-36.41],[-63.39,-36.4],[-63.39,-36.39],[-63.38,-36.36],[-63.38,-36.33],[-63.38,-36.31],[-63.38,-36.29],[-63.38,-36.27],[-63.39,-36.21],[-63.39,-36.19],[-63.39,-36.18],[-63.39,-36.14],[-63.39,-36.11],[-63.39,-36.08],[-63.39,-36.06],[-63.39,-36.05],[-63.39,-36.01],[-63.39,-35.99],[-63.39,-35.97],[-63.39,-35.96],[-63.39,-35.95],[-63.39,-35.94],[-63.39,-35.93],[-63.39,-35.91],[-63.39,-35.88]]]]}},{"type":"Feature","id":"069","properties":{"nombre":"Mar Chiquita"},"geometry":{"type":"MultiPolygon","coordinates":[[[[-57.67,-37.74],[-57.67,-37.75],[-57.68,-37.75],[-57.68,-37.75],[-57.68,-37.75],[-57.68,-37.75],[-57.69,-37.75],[-57.69,-37.75],[-57.69,-37.75],[-57.69,-37.75],[-57.7,-37.75],[-57.69,-37.76],[-57.63,-37.81],[-57.53,-37.88],[-57.52,-37.88],[-57.51,-37.87],[-57.51,-37.86],[-57.5,-37.84],[-57.49,-37.83],[-57.49,-37.83],[-57.48,-37.82],[-57.48,-37.81],[-57.47,-37.8],[-57.47,-37.8],[-57.46,-37.79],[-57.46,-37.79],[-57.45,-37.78],[-57.44,-37.77],[-57.44,-37.77],[-57.43,-37.76],[-57.43,-37.75],[-57.42,-37.75],[-57.41,-37.74],[-57.41,-37.74],[-57.4,-37.73],[-57.39,-37.72],[-57.38,-37.72],[-57.38,-37.71],[-57.37,-37.71],[-57.37,-37.7],[-57.36,-37.69],[-57.35,-37.69],[-57.34,-37.68],[-57.34,-37.68],[-57.33,-37.67],[-57.32,-37.66],[-57.29,-37.64],[-57.26,-37.61],[-57.24,-37.59],[-57.22,-37.58],[-57.2,-37.57],[-57.26,-37.5],[-57.38,-37.41],[-57.52,-37.31],[-57.65,-37.22],[-57.71,-37.18],[-57.81,-37.18],[-57.91,-37.27],[-57.99,-37.34],[-58.09,-37.44],[-57.91,-37.57],[-57.77,-37.67],[-57.67,-37.74]]]]}},{"type":"Feature","id":"073","properties":{"nombre":"Monte"},"geometry":{"type":"MultiPolygon","coordinates":[[[[-58.81,-35.24],[-58.69,-35.31],[-58.58,-35.42],[-58.5,-35.53],[-58.51,-35.64],[-58.49,-35.72],[-58.5,-35.75],[-58.51,-35.75],[-58.52,-35.73],[-58.53,-35.72],[-58.54,-35.75],[-58.56,-35.74],[-58.58,-35.75],[-58.6,-35.75],[-58.62,-35.75],[-58.63,-35.74],[-58.66,-35.74],[-58.66,-35.72],[-58.68,-35.73],[-58.7,-35.73],[-58.72,-35.72],[-58.74,-35.74],[-58.76,-35.76],[-58.77,-35.73],[-58.79,-35.7],[-58.82,-35.69],[-58.83,-35.68],[-58.84,-35.67],[-58.85,-35.65],[-58.87,-35.64],[-58.88,-35.63],[-58.88,-35.62],[-58.88,-35.6],[-58.89,-35.6],[-58.91,-35.6],[-58.91,-35.61],[-58.92,-35.61],[-58.94,-35.62],[-58.96,-35.62],[-58.97,-35.6],[-58.99,-35.6],[-59.02,-35.58],[-59.03,-35.56],[-59.04,-35.55],[-59.05,-35.55],[-59.05,-35.54],[-59.04,-35.52],[-59.01,-35.48],[-59.02,-35.47],[-59.03,-35.47],[-59.04,-35.46],[-59.06,-35.46],[-59.07,-35.45],[-59.1,-35.44],[-59.11,-35.43],[-59.11,-35.42],[-59.05,-35.37],[-58.97,-35.34],[-58.95,-35.34],[-58.89,-35.31],[-58.81,-35.24]]]]}},{"type":"Feature","id":"089","properties":{"nombre":"Rivadavia"},"geometry":{"type":"MultiPolygon","coordinates":[[[[-63.14,-35.13],[-63.09,-35.17],[-63.12,-35.19],[-63.09,-35.21],[-63.08,-35.22],[-63.06,-35.23],[-63.04,-35.25],[-63.02,-35.27],[-63.0,-35.28],[-62.99,-35.29],[-62.95,-35.3],[-62.94,-35.29],[-62.92,-35.27],[-62.9,-35.26],[-62.87,-35.29],[-62.85,-35.35],[-62.8,-35.43],[-62.75,-35.43],[-62.69,-35.49],[-62.67,-35.51],[-62.65,-35.53],[-62.62,-35.55],[-62.72,-35.63],[-62.77,-35.67],[-62.81,-35.7],[-62.85,-35.73],[-62.86,-35.74],[-62.9,-35.77],[-62.92,-35.79],[-62.93,-35.8],[-62.92,-35.81],[-62.98,-35.85],[-63.05,-35.91],[-63.16,-36.0],[-63.27,-35.98],[-63.32,-35.94],[-63.36,-35.9],[-63.39,-35.82],[-63.39,-35.79],[-63.39,-35.76],[-63.39,-35.7],[-63.39,-35.58],[-63.39,-35.54],[-63.39,-35.41],[-63.37,-35.36],[-63.35,-35.34],[-63.34,-35.33],[-63.35,-35.3],[-63.32,-35.27],[-63.31,-35.27],[-63.29,-35.28],[-63.27,-35.28],[-63.25,-35.26],[-63.23,-35.25],[-63.22,-35.24],[-63.22,-35.23],[-63.23,-35.22],[-63.22,-35.2],[-63.21,-35.18],[-63.18,-35.16],[-63.14,-35.13]]]]}},{"type":"Feature","id":"090","properties":{"nombre":"Rojas"},"geometry":{"type":"MultiPolygon","coordinates":[[[[-61.03,-34.15],[-60.98,-34.19],[-60.94,-34.22],[-60.97,-34.27],[-61.03,-34.24],[-61.02,-34.3],[-60.98,-34.34],[-60.94,-34.34],[-60.93,-34.34],[-60.91,-34.33],[-60.87,-34.35],[-60.81,-34.4],[-60.75,-34.44],[-60.7,-34.49],[-60.6,-34.45],[-60.58,-34.39],[-60.57,-34.38],[-60.56,-34.37],[-60.55,-34.36],[-60.54,-34.35],[-60.54,-34.34],[-60.54,-34.33],[-60.54,-34.32],[-60.54,-34.3],[-60.54,-34.29],[-60.55,-34.27],[-60.53,-34.26],[-60.51,-34.24],[-60.49,-34.23],[-60.48,-34.21],[-60.47,-34.19],[-60.49,-34.19],[-60.5,-34.18],[-60.5,-34.17],[-60.51,-34.15],[-60.53,-34.14],[-60.55,-34.13],[-60.57,-34.12],[-60.59,-34.12],[-60.6,-34.11],[-60.6,-34.11],[-60.62,-34.11],[-60.63,-34.1],[-60.65,-34.09],[-60.66,-34.09],[-60.67,-34.08],[-60.68,-34.06],[-60.69,-34.06],[-60.71,-34.03],[-60.8,-33.96],[-60.88,-33.9],[-60.92,-33.9],[-60.95,-33.93],[-61.02,-34.0],[-61.06,-34.03],[-61.07,-34.04],[-61.08,-34.05],[-61.08,-34.05],[-61.09,-34.06],[-61.11,-34.06],[-61.12,-34.07],[-61.07,-34.12],[-61.03,-34.15]]]]}},{"type":"Feature","id":"085","properties":{"nombre":"Puan"},"geometry":{"type":"MultiPolygon","coordinates":[[[[-62.63,-37.51],[-62.62,-37.52],[-62.61,-37.53],[-62.58,-37.55],[-62.66,-37.61],[-62.69,-37.63],[-62.71,-37.65],[-62.73,-37.66],[-62.73,-37.69],[-62.77,-37.72],[-62.86,-37.79],[-62.89,-37.83],[-62.86,-37.85],[-62.82,-37.88],[-62.8,-37.89],[-62.79,-37.91],[-62.77,-37.92],[-62.74,-37.94],[-62.74,-37.95],[-62.76,-37.97],[-62.81,-38.01],[-62.82,-38.01],[-62.81,-38.02],[-62.79,-38.03],[-62.77,-38.05],[-62.74,-38.07],[-62.72,-38.09],[-62.7,-38.11],[-62.66,-38.14],[-62.69,-38.16],[-62.71,-38.18],[-62.71,-38.22],[-62.69,-38.24],[-62.67,-38.28],[-62.7,-38.3],[-62.71,-38.31],[-62.73,-38.33],[-62.78,-38.36],[-62.82,-38.4],[-62.83,-38.4],[-62.85,-38.42],[-62.86,-38.43],[-62.9,-38.46],[-62.94,-38.49],[-62.98,-38.52],[-63.03,-38.55],[-63.06,-38.58],[-63.12,-38.63],[-63.15,-38.65],[-63.27,-38.74],[-63.31,-38.77],[-63.35,-38.8],[-63.38,-38.83],[-63.39,-38.64],[-63.39,-38.4],[-63.39,-38.2],[-63.39,-37.99],[-63.39,-37.82],[-63.38,-37.82],[-63.26,-37.72],[-63.18,-37.66],[-63.05,-37.56],[-62.94,-37.48],[-62.83,-37.39],[-62.82,-37.38],[-62.81,-37.38],[-62.8,-37.38],[-62.78,-37.4],[-62.77,-37.42],[-62.74,-37.44],[-62.71,-37.46],[-62.69,-37.48],[-62.67,-37.5],[-62.65,-37.51],[-62.63,-37.51]]]]}},{"type":"Feature","id":"088","properties":{"nombre":"Rauch"},"geometry":{"type":"MultiPolygon","coordinates":[[[[-59.17,-36.3],[-59.13,-36.28],[-59.1,-36.27],[-59.1,-36.24],[-59.07,-36.23],[-59.04,-36.22],[-59.02,-36.21],[-58.97,-36.19],[-58.9,-36.16],[-58.84,-36.14],[-58.79,-36.19],[-58.76,-36.24],[-58.69,-36.29],[-58.62,-36.34],[-58.56,-36.36],[-58.49,-36.41],[-58.45,-36.46],[-58.51,-36.52],[-58.57,-36.57],[-58.64,-36.63],[-58.71,-36.69],[-58.67,-36.74],[-58.72,-36.75],[-58.77,-36.78],[-58.81,-36.82],[-58.85,-36.83],[-58.85,-36.83],[-58.85,-36.83],[-58.88,-36.85],[-58.88,-36.86],[-58.91,-36.88],[-58.92,-36.91],[-58.93,-36.92],[-58.95,-36.94],[-58.97,-36.94],[-59.0,-36.94],[-59.02,-36.97],[-59.03,-36.99],[-59.05,-37.03],[-59.09,-37.06],[-59.16,-37.01],[-59.22,-36.96],[-59.26,-36.92],[-59.33,-36.87],[-59.35,-36.83],[-59.32,-36.8],[-59.28,-36.77],[-59.27,-36.72],[-59.26,-36.66],[-59.24,-36.64],[-59.23,-36.62],[-59.22,-36.6],[-59.22,-36.58],[-59.17,-36.57],[-59.17,-36.52],[-59.21,-36.47],[-59.24,-36.41],[-59.28,-36.37],[-59.25,-36.35],[-59.21,-36.32],[-59.18,-36.3],[-59.17,-36.3]]]]}},{"type":"Feature","id":"091","properties":{"nombre":"Roque P\u00e9rez"},"geometry":{"type":"MultiPolygon","coordinates":[[[[-59.5,-35.29],[-59.54,-35.32],[-59.66,-35.33],[-59.81,-35.39],[-59.76,-35.48],[-59.73,-35.48],[-59.7,-35.48],[-59.65,-35.47],[-59.63,-35.46],[-59.61,-35.46],[-59.58,-35.46],[-59.55,-35.46],[-59.52,-35.46],[-59.5,-35.48],[-59.47,-35.49],[-59.44,-35.51],[-59.41,-35.52],[-59.38,-35.53],[-59.36,-35.53],[-59.41,-35.59],[-59.18,-35.75],[-59.18,-35.72],[-59.17,-35.71],[-59.15,-35.7],[-59.13,-35.69],[-59.14,-35.67],[-59.14,-35.65],[-59.15,-35.64],[-59.13,-35.62],[-59.11,-35.62],[-59.08,-35.61],[-59.06,-35.61],[-59.04,-35.61],[-59.03,-35.6],[-59.03,-35.57],[-59.04,-35.55],[-59.05,-35.54],[-59.04,-35.53],[-59.01,-35.48],[-59.03,-35.47],[-59.05,-35.46],[-59.07,-35.45],[-59.1,-35.43],[-59.12,-35.43],[-59.13,-35.43],[-59.16,-35.42],[-59.17,-35.41],[-59.18,-35.4],[-59.19,-35.4],[-59.22,-35.39],[-59.24,-35.39],[-59.28,-35.37],[-59.31,-35.37],[-59.33,-35.36],[-59.36,-35.35],[-59.38,-35.32],[-59.39,-35.3],[-59.41,-35.3],[-59.44,-35.31],[-59.47,-35.3],[-59.49,-35.29],[-59.5,-35.29]]]]}},{"type":"Feature","id":"093","properties":{"nombre":"Saladillo"},"geometry":{"type":"MultiPolygon","coordinates":[[[[-59.71,-35.83],[-59.74,-35.83],[-59.76,-35.84],[-59.79,-35.84],[-59.81,-35.85],[-59.83,-35.85],[-59.85,-35.86],[-59.87,-35.87],[-59.87,-35.89],[-59.88,-35.9],[-59.89,-35.91],[-60.1,-35.82],[-60.1,-35.68],[-60.03,-35.69],[-60.02,-35.67],[-60.03,-35.66],[-60.04,-35.63],[-60.02,-35.6],[-60.02,-35.57],[-60.01,-35.54],[-59.99,-35.52],[-59.95,-35.5],[-59.91,-35.48],[-59.86,-35.49],[-59.83,-35.5],[-59.79,-35.48],[-59.76,-35.48],[-59.73,-35.48],[-59.7,-35.48],[-59.65,-35.47],[-59.63,-35.46],[-59.6,-35.46],[-59.58,-35.46],[-59.54,-35.46],[-59.52,-35.47],[-59.5,-35.49],[-59.46,-35.5],[-59.43,-35.51],[-59.39,-35.53],[-59.37,-35.54],[-59.35,-35.53],[-59.25,-35.7],[-59.2,-35.77],[-59.23,-35.79],[-59.26,-35.8],[-59.3,-35.8],[-59.34,-35.8],[-59.38,-35.82],[-59.41,-35.8],[-59.44,-35.81],[-59.46,-35.81],[-59.47,-35.81],[-59.48,-35.82],[-59.5,-35.82],[-59.53,-35.83],[-59.54,-35.84],[-59.57,-35.85],[-59.62,-35.85],[-59.66,-35.85],[-59.68,-35.83],[-59.71,-35.83]]]]}},{"type":"Feature","id":"071","properties":{"nombre":"Mercedes"},"geometry":{"type":"MultiPolygon","coordinates":[[[[-59.34,-34.51],[-59.38,-34.53],[-59.39,-34.53],[-59.4,-34.54],[-59.41,-34.54],[-59.41,-34.55],[-59.41,-34.55],[-59.42,-34.55],[-59.43,-34.56],[-59.46,-34.57],[-59.5,-34.58],[-59.51,-34.58],[-59.58,-34.57],[-59.6,-34.59],[-59.63,-34.61],[-59.63,-34.62],[-59.68,-34.59],[-59.71,-34.61],[-59.69,-34.64],[-59.65,-34.67],[-59.63,-34.69],[-59.59,-34.72],[-59.59,-34.72],[-59.57,-34.73],[-59.56,-34.74],[-59.54,-34.75],[-59.53,-34.77],[-59.52,-34.78],[-59.49,-34.8],[-59.52,-34.82],[-59.51,-34.84],[-59.48,-34.86],[-59.43,-34.85],[-59.39,-34.87],[-59.35,-34.87],[-59.32,-34.84],[-59.28,-34.83],[-59.25,-34.82],[-59.21,-34.8],[-59.19,-34.81],[-59.17,-34.79],[-59.21,-34.75],[-59.22,-34.73],[-59.24,-34.7],[-59.24,-34.68],[-59.26,-34.65],[-59.27,-34.64],[-59.28,-34.63],[-59.28,-34.62],[-59.28,-34.62],[-59.28,-34.62],[-59.28,-34.62],[-59.28,-34.62],[-59.27,-34.62],[-59.27,-34.62],[-59.27,-34.62],[-59.27,-34.62],[-59.27,-34.62],[-59.27,-34.62],[-59.27,-34.62],[-59.27,-34.62],[-59.27,-34.62],[-59.27,-34.62],[-59.26,-34.62],[-59.27,-34.61],[-59.32,-34.53],[-59.34,-34.51]]]]}},{"type":"Feature","id":"095","properties":{"nombre":"San Antonio de Areco"},"geometry":{"type":"MultiPolygon","coordinates":[[[[-59.32,-34.0],[-59.32,-34.01],[-59.32,-34.03],[-59.33,-34.03],[-59.35,-34.05],[-59.37,-34.06],[-59.41,-34.06],[-59.43,-34.11],[-59.48,-34.12],[-59.51,-34.1],[-59.52,-34.11],[-59.53,-34.12],[-59.54,-34.14],[-59.54,-34.15],[-59.55,-34.16],[-59.56,-34.17],[-59.6,-34.17],[-59.62,-34.17],[-59.65,-34.16],[-59.73,-34.19],[-59.77,-34.23],[-59.69,-34.3],[-59.68,-34.35],[-59.64,-34.41],[-59.59,-34.4],[-59.53,-34.34],[-59.47,-34.31],[-59.44,-34.3],[-59.42,-34.3],[-59.42,-34.27],[-59.4,-34.27],[-59.39,-34.25],[-59.38,-34.24],[-59.38,-34.24],[-59.38,-34.23],[-59.37,-34.22],[-59.37,-34.21],[-59.37,-34.21],[-59.37,-34.2],[-59.36,-34.2],[-59.36,-34.19],[-59.35,-34.18],[-59.34,-34.18],[-59.33,-34.17],[-59.33,-34.17],[-59.32,-34.16],[-59.3,-34.16],[-59.3,-34.15],[-59.28,-34.15],[-59.28,-34.14],[-59.28,-34.14],[-59.28,-34.13],[-59.27,-34.12],[-59.27,-34.1],[-59.27,-34.09],[-59.27,-34.08],[-59.28,-34.08],[-59.29,-34.07],[-59.3,-34.07],[-59.3,-34.05],[-59.3,-34.03],[-59.31,-34.02],[-59.31,-34.01],[-59.32,-34.0]]]]}},{"type":"Feature","id":"092","properties":{"nombre":"Saavedra"},"geometry":{"type":"MultiPolygon","coordinates":[[[[-62.36,-37.41],[-62.41,-37.38],[-62.46,-37.38],[-62.58,-37.47],[-62.61,-37.52],[-62.69,-37.63],[-62.73,-37.69],[-62.86,-37.85],[-62.78,-37.92],[-62.69,-37.98],[-62.56,-38.06],[-62.47,-38.04],[-62.4,-38.09],[-62.34,-38.13],[-62.34,-38.12],[-62.33,-38.11],[-62.33,-38.11],[-62.32,-38.1],[-62.31,-38.09],[-62.3,-38.09],[-62.29,-38.09],[-62.28,-38.09],[-62.28,-38.08],[-62.27,-38.07],[-62.26,-38.07],[-62.26,-38.06],[-62.25,-38.05],[-62.25,-38.05],[-62.24,-38.04],[-62.23,-38.03],[-62.22,-38.03],[-62.21,-38.03],[-62.21,-38.02],[-62.2,-38.01],[-62.2,-38.01],[-62.19,-38.01],[-62.18,-38.0],[-62.17,-38.0],[-62.17,-37.99],[-62.17,-37.99],[-62.16,-37.98],[-62.16,-37.98],[-62.16,-37.97],[-62.15,-37.97],[-62.15,-37.96],[-62.13,-37.96],[-62.13,-37.95],[-62.12,-37.95],[-62.12,-37.95],[-62.11,-37.94],[-62.11,-37.94],[-62.1,-37.94],[-62.1,-37.94],[-62.08,-37.88],[-62.1,-37.72],[-62.1,-37.72],[-62.09,-37.72],[-62.09,-37.71],[-62.09,-37.71],[-62.13,-37.65],[-62.23,-37.54],[-62.27,-37.47],[-62.36,-37.41]]]]}},{"type":"Feature","id":"094","properties":{"nombre":"San Andr\u00e9s de Giles"},"geometry":{"type":"MultiPolygon","coordinates":[[[[-59.42,-34.55],[-59.41,-34.55],[-59.41,-34.54],[-59.4,-34.54],[-59.39,-34.53],[-59.38,-34.53],[-59.34,-34.51],[-59.3,-34.49],[-59.25,-34.46],[-59.22,-34.44],[-59.24,-34.42],[-59.24,-34.41],[-59.24,-34.41],[-59.23,-34.41],[-59.23,-34.41],[-59.23,-34.41],[-59.22,-34.4],[-59.22,-34.4],[-59.22,-34.4],[-59.22,-34.4],[-59.21,-34.4],[-59.21,-34.39],[-59.21,-34.39],[-59.21,-34.39],[-59.21,-34.39],[-59.2,-34.38],[-59.2,-34.38],[-59.2,-34.36],[-59.25,-34.32],[-59.31,-34.29],[-59.32,-34.26],[-59.37,-34.24],[-59.38,-34.24],[-59.38,-34.25],[-59.39,-34.25],[-59.39,-34.26],[-59.4,-34.26],[-59.4,-34.27],[-59.42,-34.27],[-59.42,-34.27],[-59.41,-34.28],[-59.42,-34.3],[-59.44,-34.3],[-59.45,-34.3],[-59.47,-34.31],[-59.48,-34.31],[-59.49,-34.32],[-59.54,-34.35],[-59.58,-34.39],[-59.61,-34.4],[-59.63,-34.41],[-59.64,-34.42],[-59.68,-34.4],[-59.73,-34.43],[-59.77,-34.45],[-59.74,-34.48],[-59.76,-34.5],[-59.75,-34.52],[-59.71,-34.55],[-59.67,-34.58],[-59.63,-34.61],[-59.61,-34.6],[-59.59,-34.58],[-59.51,-34.59],[-59.5,-34.58],[-59.46,-34.57],[-59.43,-34.55],[-59.42,-34.55]]]]}},{"type":"Feature","id":"104","properties":{"nombre":"Tapalqu\u00e9"},"geometry":{"type":"MultiPolygon","coordinates":[[[[-59.55,-36.01],[-59.42,-36.1],[-59.43,-36.18],[-59.54,-36.27],[-59.6,-36.33],[-59.68,-36.32],[-59.82,-36.36],[-59.91,-36.44],[-60.0,-36.51],[-59.95,-36.59],[-60.0,-36.68],[-60.14,-36.68],[-60.14,-36.68],[-60.15,-36.7],[-60.16,-36.71],[-60.27,-36.63],[-60.48,-36.53],[-60.6,-36.38],[-60.75,-36.39],[-60.86,-36.46],[-60.88,-36.38],[-60.89,-36.34],[-60.87,-36.33],[-60.86,-36.32],[-60.86,-36.32],[-60.85,-36.31],[-60.84,-36.3],[-60.84,-36.29],[-60.83,-36.28],[-60.83,-36.28],[-60.83,-36.27],[-60.82,-36.26],[-60.81,-36.26],[-60.81,-36.25],[-60.8,-36.24],[-60.8,-36.23],[-60.81,-36.22],[-60.81,-36.21],[-60.81,-36.21],[-60.8,-36.2],[-60.79,-36.19],[-60.78,-36.19],[-60.78,-36.18],[-60.78,-36.17],[-60.77,-36.17],[-60.76,-36.16],[-60.74,-36.15],[-60.72,-36.14],[-60.71,-36.14],[-60.61,-36.2],[-60.44,-36.27],[-60.33,-36.3],[-60.17,-36.24],[-60.05,-36.19],[-59.96,-36.24],[-59.96,-36.23],[-59.96,-36.22],[-59.95,-36.21],[-59.91,-36.17],[-59.84,-36.12],[-59.77,-36.06],[-59.64,-36.05],[-59.55,-36.01]]]]}},{"type":"Feature","id":"116","properties":{"nombre":"San Cayetano"},"geometry":{"type":"MultiPolygon","coordinates":[[[[-59.64,-38.02],[-59.61,-38.05],[-59.59,-38.05],[-59.56,-38.06],[-59.54,-38.06],[-59.52,-38.07],[-59.49,-38.09],[-59.47,-38.09],[-59.45,-38.1],[-59.43,-38.1],[-59.42,-38.11],[-59.39,-38.11],[-59.36,-38.11],[-59.34,-38.12],[-59.32,-38.13],[-59.3,-38.14],[-59.29,-38.14],[-59.27,-38.15],[-59.25,-38.15],[-59.33,-38.27],[-59.35,-38.3],[-59.34,-38.32],[-59.33,-38.35],[-59.34,-38.41],[-59.42,-38.58],[-59.43,-38.6],[-59.41,-38.6],[-59.41,-38.62],[-59.4,-38.63],[-59.38,-38.66],[-59.37,-38.68],[-59.35,-38.7],[-59.33,-38.72],[-59.34,-38.74],[-59.38,-38.75],[-59.42,-38.76],[-59.47,-38.76],[-59.51,-38.77],[-59.55,-38.77],[-59.62,-38.79],[-59.64,-38.76],[-59.63,-38.74],[-59.65,-38.72],[-59.67,-38.69],[-59.69,-38.66],[-59.7,-38.66],[-59.7,-38.65],[-59.69,-38.64],[-59.7,-38.62],[-59.7,-38.61],[-59.71,-38.6],[-59.72,-38.58],[-59.72,-38.57],[-59.72,-38.56],[-59.73,-38.54],[-59.73,-38.53],[-59.73,-38.51],[-59.73,-38.5],[-59.84,-38.49],[-59.89,-38.29],[-59.83,-38.23],[-59.64,-38.02]]]]}},{"type":"Feature","id":"122","properties":{"nombre":"Salliquel\u00f3"},"geometry":{"type":"MultiPolygon","coordinates":[[[[-63.13,-36.48],[-63.12,-36.49],[-63.11,-36.49],[-63.11,-36.49],[-63.1,-36.5],[-63.09,-36.51],[-63.08,-36.52],[-63.07,-36.53],[-63.06,-36.54],[-63.05,-36.54],[-63.04,-36.55],[-63.03,-36.56],[-63.01,-36.57],[-63.0,-36.58],[-62.99,-36.59],[-62.99,-36.59],[-62.98,-36.6],[-62.97,-36.6],[-62.97,-36.61],[-62.96,-36.61],[-62.95,-36.62],[-62.94,-36.63],[-62.93,-36.64],[-62.93,-36.64],[-62.92,-36.65],[-62.92,-36.65],[-62.91,-36.66],[-62.89,-36.67],[-62.89,-36.67],[-62.88,-36.68],[-62.87,-36.68],[-62.86,-36.7],[-62.85,-36.7],[-62.84,-36.71],[-62.83,-36.72],[-62.82,-36.73],[-62.81,-36.73],[-62.81,-36.73],[-62.82,-36.74],[-62.84,-36.75],[-62.85,-36.77],[-62.85,-36.77],[-62.86,-36.77],[-62.88,-36.79],[-62.88,-36.79],[-62.89,-36.8],[-62.89,-36.8],[-62.89,-36.8],[-62.9,-36.81],[-62.9,-36.81],[-62.91,-36.81],[-62.92,-36.82],[-62.91,-36.82],[-62.92,-36.82],[-62.92,-36.82],[-62.94,-36.84],[-62.95,-36.85],[-62.97,-36.86],[-62.98,-36.86],[-62.99,-36.85],[-63.0,-36.84],[-63.01,-36.83],[-63.02,-36.82],[-63.03,-36.81],[-63.05,-36.8],[-63.07,-36.79],[-63.08,-36.78],[-63.09,-36.77],[-63.11,-36.75],[-63.11,-36.75],[-63.13,-36.73],[-63.15,-36.72],[-63.16,-36.71],[-63.17,-36.7],[-63.19,-36.68],[-63.21,-36.67],[-63.21,-36.66],[-63.23,-36.65],[-63.24,-36.64],[-63.25,-36.64],[-63.25,-36.63],[-63.27,-36.62],[-63.28,-36.61],[-63.27,-36.59],[-63.25,-36.58],[-63.25,-36.58],[-63.25,-36.58],[-63.25,-36.58],[-63.25,-36.58],[-63.22,-36.56],[-63.2,-36.54],[-63.2,-36.54],[-63.19,-36.53],[-63.18,-36.52],[-63.16,-36.51],[-63.15,-36.5],[-63.14,-36.49],[-63.13,-36.48]]]]}},{"type":"Feature","id":"105","properties":{"nombre":"Tordillo"},"geometry":{"type":"MultiPolygon","coordinates":[[[[-57.42,-36.16],[-57.44,-36.22],[-57.46,-36.31],[-57.47,-36.34],[-57.35,-36.36],[-57.38,-36.4],[-57.43,-36.47],[-57.44,-36.55],[-57.42,-36.6],[-57.36,-36.64],[-57.26,-36.6],[-57.17,-36.52],[-57.13,-36.47],[-57.08,-36.45],[-57.07,-36.44],[-57.07,-36.44],[-57.06,-36.44],[-57.05,-36.43],[-57.04,-36.43],[-57.04,-36.42],[-57.05,-36.37],[-57.04,-36.36],[-57.03,-36.35],[-57.02,-36.34],[-57.02,-36.32],[-57.02,-36.32],[-57.03,-36.32],[-57.04,-36.32],[-57.04,-36.31],[-57.04,-36.31],[-57.05,-36.31],[-57.05,-36.31],[-57.06,-36.31],[-57.06,-36.3],[-57.07,-36.3],[-57.07,-36.3],[-57.07,-36.3],[-57.08,-36.29],[-57.08,-36.29],[-57.08,-36.29],[-57.08,-36.29],[-57.09,-36.29],[-57.09,-36.28],[-57.1,-36.28],[-57.1,-36.28],[-57.1,-36.28],[-57.11,-36.28],[-57.12,-36.27],[-57.12,-36.27],[-57.12,-36.27],[-57.13,-36.27],[-57.13,-36.26],[-57.13,-36.26],[-57.14,-36.25],[-57.15,-36.25],[-57.16,-36.24],[-57.17,-36.23],[-57.18,-36.23],[-57.18,-36.22],[-57.19,-36.21],[-57.2,-36.2],[-57.2,-36.2],[-57.35,-36.17],[-57.42,-36.16]]]]}},{"type":"Feature","id":"119","properties":{"nombre":"Hip\u00f3lito Yrigoyen"},"geometry":{"type":"MultiPolygon","coordinates":[[[[-61.44,-36.04],[-61.42,-36.05],[-61.42,-36.05],[-61.4,-36.06],[-61.39,-36.06],[-61.31,-36.04],[-61.27,-36.07],[-61.3,-36.09],[-61.3,-36.1],[-61.31,-36.1],[-61.32,-36.12],[-61.33,-36.12],[-61.35,-36.14],[-61.36,-36.14],[-61.37,-36.15],[-61.37,-36.16],[-61.42,-36.2],[-61.42,-36.23],[-61.42,-36.25],[-61.43,-36.26],[-61.45,-36.27],[-61.47,-36.29],[-61.5,-36.32],[-61.51,-36.32],[-61.52,-36.33],[-61.53,-36.34],[-61.55,-36.35],[-61.56,-36.36],[-61.57,-36.37],[-61.58,-36.38],[-61.59,-36.39],[-61.6,-36.4],[-61.62,-36.41],[-61.64,-36.43],[-61.66,-36.44],[-61.67,-36.45],[-61.72,-36.49],[-61.75,-36.52],[-61.79,-36.5],[-61.84,-36.46],[-61.85,-36.45],[-61.86,-36.43],[-61.89,-36.4],[-61.91,-36.39],[-61.94,-36.39],[-61.95,-36.4],[-61.99,-36.38],[-62.0,-36.37],[-62.05,-36.33],[-62.03,-36.31],[-62.01,-36.3],[-61.97,-36.33],[-61.97,-36.33],[-61.96,-36.32],[-61.95,-36.31],[-61.94,-36.31],[-61.94,-36.31],[-61.94,-36.27],[-61.94,-36.27],[-61.94,-36.26],[-61.87,-36.21],[-61.82,-36.17],[-61.81,-36.16],[-61.79,-36.15],[-61.78,-36.14],[-61.76,-36.15],[-61.73,-36.15],[-61.7,-36.13],[-61.66,-36.12],[-61.64,-36.11],[-61.62,-36.09],[-61.6,-36.11],[-61.58,-36.09],[-61.57,-36.09],[-61.56,-36.08],[-61.54,-36.06],[-61.53,-36.05],[-61.47,-36.03],[-61.44,-36.04]]]]}},{"type":"Feature","id":"109","properties":{"nombre":"Veinticinco de Mayo"},"geometry":{"type":"MultiPolygon","coordinates":[[[[-60.02,-35.11],[-59.95,-35.12],[-59.91,-35.11],[-59.9,-35.12],[-59.87,-35.15],[-59.84,-35.16],[-59.82,-35.18],[-59.78,-35.18],[-59.76,-35.2],[-59.74,-35.21],[-59.7,-35.21],[-59.65,-35.21],[-59.61,-35.19],[-59.58,-35.18],[-59.55,-35.2],[-59.55,-35.24],[-59.55,-35.26],[-59.53,-35.28],[-59.54,-35.32],[-59.65,-35.32],[-59.78,-35.37],[-59.79,-35.48],[-59.82,-35.5],[-59.85,-35.49],[-59.87,-35.48],[-59.91,-35.48],[-59.94,-35.49],[-59.96,-35.51],[-59.98,-35.52],[-60.0,-35.53],[-60.02,-35.55],[-60.02,-35.57],[-60.01,-35.59],[-60.02,-35.61],[-60.03,-35.62],[-60.04,-35.63],[-60.03,-35.64],[-60.03,-35.66],[-60.01,-35.66],[-60.02,-35.67],[-60.03,-35.68],[-60.04,-35.69],[-60.15,-35.69],[-60.36,-35.88],[-60.39,-35.89],[-60.44,-35.94],[-60.46,-35.95],[-60.46,-35.96],[-60.47,-35.98],[-60.49,-35.99],[-60.5,-35.99],[-60.51,-35.99],[-60.53,-36.0],[-60.66,-35.94],[-60.81,-35.89],[-60.76,-35.75],[-60.62,-35.63],[-60.46,-35.49],[-60.37,-35.27],[-60.29,-35.26],[-60.13,-35.21],[-60.02,-35.11]]]]}},{"type":"Feature","id":"309","properties":{"nombre":"Islas Baradero"},"geometry":{"type":"MultiPolygon","coordinates":[[[[-59.48,-33.66],[-59.53,-33.7],[-59.54,-33.72],[-59.55,-33.74],[-59.56,-33.76],[-59.56,-33.76],[-59.55,-33.76],[-59.54,-33.76],[-59.53,-33.77],[-59.53,-33.77],[-59.52,-33.77],[-59.51,-33.77],[-59.51,-33.78],[-59.51,-33.79],[-59.5,-33.8],[-59.49,-33.8],[-59.47,-33.82],[-59.45,-33.82],[-59.43,-33.83],[-59.4,-33.83],[-59.39,-33.84],[-59.38,-33.84],[-59.37,-33.85],[-59.36,-33.86],[-59.35,-33.86],[-59.34,-33.87],[-59.34,-33.88],[-59.34,-33.88],[-59.33,-33.89],[-59.32,-33.89],[-59.32,-33.9],[-59.31,-33.9],[-59.3,-33.91],[-59.3,-33.91],[-59.29,-33.92],[-59.28,-33.92],[-59.27,-33.93],[-59.27,-33.93],[-59.27,-33.94],[-59.26,-33.93],[-59.23,-33.93],[-59.23,-33.91],[-59.24,-33.9],[-59.26,-33.88],[-59.3,-33.86],[-59.29,-33.83],[-59.27,-33.82],[-59.24,-33.81],[-59.25,-33.8],[-59.26,-33.79],[-59.25,-33.76],[-59.24,-33.74],[-59.26,-33.73],[-59.27,-33.73],[-59.27,-33.73],[-59.28,-33.73],[-59.28,-33.73],[-59.32,-33.73],[-59.36,-33.74],[-59.41,-33.74],[-59.46,-33.72],[-59.48,-33.66]]]]}},{"type":"Feature","id":"338","properties":{"nombre":"Islas de Z\u00e1rate"},"geometry":{"type":"MultiPolygon","coordinates":[[[[-58.97,-33.96],[-58.97,-33.99],[-59.0,-34.09],[-59.01,-34.09],[-59.03,-34.06],[-59.04,-34.05],[-59.06,-34.04],[-59.1,-34.04],[-59.12,-34.02],[-59.15,-34.0],[-59.14,-33.99],[-59.15,-33.99],[-59.16,-33.98],[-59.18,-33.97],[-59.19,-33.96],[-59.21,-33.96],[-59.21,-33.95],[-59.23,-33.95],[-59.25,-33.95],[-59.26,-33.93],[-59.23,-33.91],[-59.25,-33.89],[-59.29,-33.86],[-59.29,-33.83],[-59.24,-33.81],[-59.17,-33.81],[-59.13,-33.85],[-59.09,-33.84],[-59.05,-33.83],[-59.03,-33.85],[-59.01,-33.84],[-58.99,-33.84],[-58.99,-33.86],[-58.97,-33.87],[-58.93,-33.88],[-58.89,-33.91],[-58.85,-33.95],[-58.84,-33.96],[-58.85,-33.96],[-58.86,-33.96],[-58.87,-33.96],[-58.88,-33.96],[-58.89,-33.96],[-58.89,-33.96],[-58.9,-33.96],[-58.9,-33.96],[-58.91,-33.96],[-58.91,-33.96],[-58.92,-33.96],[-58.92,-33.96],[-58.92,-33.96],[-58.92,-33.96],[-58.93,-33.96],[-58.93,-33.96],[-58.93,-33.96],[-58.93,-33.96],[-58.94,-33.96],[-58.94,-33.96],[-58.94,-33.96],[-58.95,-33.96],[-58.96,-33.96],[-58.96,-33.96],[-58.96,-33.96],[-58.97,-33.96]]]]}},{"type":"Feature","id":"396","properties":{"nombre":"Islas San Fernando"},"geometry":{"type":"MultiPolygon","coordinates":[[[[-58.45,-34.0],[-58.34,-34.08],[-58.35,-34.19],[-58.39,-34.23],[-58.45,-34.32],[-58.51,-34.31],[-58.57,-34.29],[-58.63,-34.27],[-58.68,-34.26],[-58.71,-34.24],[-58.71,-34.23],[-58.71,-34.22],[-58.71,-34.22],[-58.7,-34.21],[-58.7,-34.2],[-58.69,-34.2],[-58.69,-34.19],[-58.69,-34.19],[-58.69,-34.18],[-58.69,-34.18],[-58.69,-34.18],[-58.69,-34.17],[-58.7,-34.17],[-58.7,-34.17],[-58.71,-34.17],[-58.72,-34.17],[-58.73,-34.17],[-58.74,-34.17],[-58.75,-34.17],[-58.75,-34.16],[-58.75,-34.16],[-58.75,-34.15],[-58.76,-34.15],[-58.76,-34.15],[-58.77,-34.14],[-58.77,-34.14],[-58.77,-34.13],[-58.77,-34.13],[-58.76,-34.13],[-58.77,-34.12],[-58.77,-34.12],[-58.78,-34.11],[-58.78,-34.11],[-58.78,-34.11],[-58.79,-34.1],[-58.8,-34.1],[-58.8,-34.09],[-58.8,-34.09],[-58.8,-34.08],[-58.8,-34.08],[-58.8,-34.08],[-58.79,-34.08],[-58.79,-34.08],[-58.78,-34.07],[-58.76,-34.06],[-58.75,-34.06],[-58.74,-34.05],[-58.73,-34.05],[-58.72,-34.04],[-58.7,-34.04],[-58.69,-34.03],[-58.68,-34.03],[-58.64,-34.04],[-58.61,-34.04],[-58.58,-34.03],[-58.55,-34.03],[-58.52,-34.02],[-58.5,-34.01],[-58.45,-34.0]]]]}},{"type":"Feature","id":"126","properties":{"nombre":"Monte Hermoso"},"geometry":{"type":"MultiPolygon","coordinates":[[[[-61.34,-38.92],[-61.32,-38.94],[-61.33,-38.94],[-61.31,-38.94],[-61.32,-38.95],[-61.31,-38.95],[-61.3,-38.95],[-61.3,-38.95],[-61.3,-38.95],[-61.3,-38.95],[-61.29,-38.95],[-61.29,-38.95],[-61.29,-38.95],[-61.28,-38.95],[-61.28,-38.95],[-61.28,-38.95],[-61.28,-38.95],[-61.27,-38.95],[-61.27,-38.95],[-61.27,-38.95],[-61.26,-38.95],[-61.26,-38.95],[-61.25,-38.94],[-61.2,-38.94],[-61.14,-38.93],[-61.1,-38.98],[-61.12,-38.98],[-61.11,-38.99],[-61.12,-38.99],[-61.11,-39.0],[-61.12,-39.0],[-61.13,-39.0],[-61.14,-39.0],[-61.14,-39.0],[-61.16,-39.0],[-61.18,-39.0],[-61.19,-39.0],[-61.2,-39.0],[-61.2,-39.0],[-61.21,-39.0],[-61.23,-39.0],[-61.24,-39.0],[-61.24,-39.0],[-61.25,-39.0],[-61.27,-38.99],[-61.29,-38.99],[-61.31,-38.99],[-61.32,-38.99],[-61.33,-38.99],[-61.34,-38.99],[-61.35,-38.99],[-61.35,-38.99],[-61.36,-38.99],[-61.37,-38.99],[-61.38,-38.99],[-61.41,-38.99],[-61.46,-39.0],[-61.45,-38.97],[-61.45,-38.95],[-61.45,-38.93],[-61.43,-38.92],[-61.4,-38.92],[-61.38,-38.92],[-61.35,-38.92],[-61.34,-38.92]]]]}},{"type":"Feature","id":"387","properties":{"nombre":"Islas Ramallo"},"geometry":{"type":"MultiPolygon","coordinates":[[[[-59.82,-33.58],[-59.83,-33.58],[-59.83,-33.58],[-59.83,-33.58],[-59.83,-33.58],[-59.83,-33.58],[-59.83,-33.58],[-59.83,-33.58],[-59.83,-33.58],[-59.83,-33.58],[-59.83,-33.58],[-59.84,-33.58],[-59.84,-33.58],[-59.84,-33.58],[-59.84,-33.58],[-59.84,-33.58],[-59.84,-33.58],[-59.84,-33.57],[-59.84,-33.57],[-59.84,-33.57],[-59.84,-33.57],[-59.84,-33.57],[-59.84,-33.57],[-59.84,-33.57],[-59.84,-33.57],[-59.84,-33.57],[-59.85,-33.56],[-59.85,-33.56],[-59.86,-33.56],[-59.86,-33.55],[-59.87,-33.55],[-59.88,-33.54],[-59.88,-33.54],[-59.9,-33.53],[-59.91,-33.51],[-59.93,-33.5],[-59.98,-33.49],[-60.0,-33.47],[-60.01,-33.47],[-60.02,-33.46],[-60.04,-33.45],[-60.05,-33.44],[-60.06,-33.43],[-60.07,-33.43],[-60.08,-33.42],[-60.09,-33.41],[-60.09,-33.4],[-60.1,-33.39],[-60.11,-33.39],[-60.12,-33.38],[-60.13,-33.37],[-60.1,-33.37],[-60.08,-33.4],[-60.05,-33.42],[-60.03,-33.45],[-59.98,-33.47],[-59.91,-33.49],[-59.84,-33.52],[-59.81,-33.56],[-59.82,-33.59],[-59.82,-33.59],[-59.82,-33.58]]]]}},{"type":"Feature","id":"399","properties":{"nombre":"Islas San Pedro"},"geometry":{"type":"MultiPolygon","coordinates":[[[[-59.8,-33.6],[-59.8,-33.6],[-59.79,-33.6],[-59.79,-33.61],[-59.78,-33.61],[-59.78,-33.61],[-59.78,-33.62],[-59.78,-33.62],[-59.77,-33.62],[-59.77,-33.63],[-59.77,-33.63],[-59.76,-33.63],[-59.76,-33.64],[-59.75,-33.64],[-59.75,-33.64],[-59.75,-33.64],[-59.74,-33.65],[-59.73,-33.65],[-59.73,-33.65],[-59.72,-33.65],[-59.71,-33.66],[-59.69,-33.66],[-59.68,-33.66],[-59.67,-33.67],[-59.67,-33.67],[-59.66,-33.67],[-59.66,-33.67],[-59.66,-33.67],[-59.66,-33.67],[-59.65,-33.67],[-59.66,-33.68],[-59.65,-33.68],[-59.65,-33.68],[-59.65,-33.68],[-59.64,-33.68],[-59.64,-33.68],[-59.64,-33.69],[-59.64,-33.69],[-59.63,-33.69],[-59.63,-33.7],[-59.63,-33.7],[-59.63,-33.71],[-59.62,-33.72],[-59.61,-33.72],[-59.61,-33.73],[-59.61,-33.74],[-59.6,-33.74],[-59.6,-33.74],[-59.59,-33.74],[-59.58,-33.75],[-59.58,-33.75],[-59.57,-33.75],[-59.57,-33.76],[-59.57,-33.76],[-59.56,-33.76],[-59.54,-33.73],[-59.53,-33.71],[-59.48,-33.66],[-59.5,-33.64],[-59.55,-33.65],[-59.59,-33.68],[-59.63,-33.68],[-59.64,-33.63],[-59.69,-33.61],[-59.77,-33.61],[-59.8,-33.6]]]]}},{"type":"Feature","id":"134","properties":{"nombre":"Punta Indio"},"geometry":{"type":"MultiPolygon","coordinates":[[[[-57.3,-35.2],[-57.28,-35.22],[-57.27,-35.24],[-57.24,-35.26],[-57.22,-35.29],[-57.2,-35.31],[-57.18,-35.34],[-57.16,-35.37],[-57.14,-35.4],[-57.13,-35.42],[-57.13,-35.44],[-57.15,-35.49],[-57.2,-35.54],[-57.22,-35.57],[-57.24,-35.58],[-57.25,-35.6],[-57.26,-35.61],[-57.27,-35.63],[-57.28,-35.64],[-57.29,-35.65],[-57.3,-35.67],[-57.31,-35.67],[-57.32,-35.68],[-57.32,-35.69],[-57.33,-35.7],[-57.33,-35.71],[-57.34,-35.71],[-57.35,-35.71],[-57.37,-35.71],[-57.38,-35.71],[-57.38,-35.69],[-57.37,-35.69],[-57.37,-35.68],[-57.38,-35.68],[-57.39,-35.67],[-57.4,-35.66],[-57.42,-35.65],[-57.44,-35.63],[-57.44,-35.61],[-57.46,-35.59],[-57.46,-35.56],[-57.45,-35.53],[-57.44,-35.51],[-57.46,-35.5],[-57.48,-35.48],[-57.49,-35.47],[-57.51,-35.47],[-57.54,-35.47],[-57.56,-35.46],[-57.59,-35.46],[-57.62,-35.47],[-57.63,-35.47],[-57.67,-35.47],[-57.69,-35.48],[-57.73,-35.48],[-57.76,-35.46],[-57.78,-35.44],[-57.64,-35.36],[-57.65,-35.27],[-57.5,-35.3],[-57.32,-35.21],[-57.3,-35.2]]]]}},{"type":"Feature","id":"128","properties":{"nombre":"Florentino Ameghino"},"geometry":{"type":"MultiPolygon","coordinates":[[[[-62.59,-34.64],[-62.6,-34.65],[-62.62,-34.64],[-62.62,-34.67],[-62.62,-34.7],[-62.62,-34.72],[-62.62,-34.77],[-62.61,-34.82],[-62.61,-34.86],[-62.61,-34.88],[-62.61,-34.9],[-62.61,-34.93],[-62.61,-34.96],[-62.61,-35.0],[-62.63,-35.01],[-62.6,-35.03],[-62.58,-35.05],[-62.54,-35.07],[-62.52,-35.05],[-62.5,-35.03],[-62.48,-35.02],[-62.46,-35.02],[-62.44,-35.04],[-62.43,-35.05],[-62.41,-35.06],[-62.39,-35.08],[-62.35,-35.11],[-62.34,-35.12],[-62.32,-35.14],[-62.29,-35.16],[-62.27,-35.15],[-62.26,-35.14],[-62.26,-35.14],[-62.25,-35.14],[-62.24,-35.12],[-62.22,-35.11],[-62.2,-35.1],[-62.18,-35.08],[-62.17,-35.07],[-62.17,-35.06],[-62.18,-35.05],[-62.17,-35.04],[-62.14,-35.02],[-62.13,-35.0],[-62.11,-34.98],[-62.13,-34.96],[-62.17,-34.93],[-62.19,-34.92],[-62.21,-34.89],[-62.22,-34.88],[-62.28,-34.83],[-62.29,-34.81],[-62.29,-34.8],[-62.26,-34.74],[-62.22,-34.68],[-62.3,-34.66],[-62.37,-34.65],[-62.42,-34.64],[-62.45,-34.64],[-62.47,-34.63],[-62.5,-34.63],[-62.54,-34.62],[-62.55,-34.62],[-62.58,-34.61],[-62.59,-34.63],[-62.59,-34.64]]]]}},{"type":"Feature","id":"106","properties":{"nombre":"Tornquist"},"geometry":{"type":"MultiPolygon","coordinates":[[[[-62.08,-37.95],[-62.11,-37.94],[-62.12,-37.95],[-62.13,-37.96],[-62.16,-37.97],[-62.16,-37.98],[-62.17,-37.99],[-62.18,-38.0],[-62.2,-38.01],[-62.21,-38.03],[-62.23,-38.04],[-62.25,-38.05],[-62.26,-38.07],[-62.28,-38.08],[-62.3,-38.09],[-62.32,-38.1],[-62.33,-38.12],[-62.38,-38.11],[-62.57,-38.08],[-62.79,-38.03],[-62.69,-38.24],[-62.85,-38.42],[-62.65,-38.52],[-62.63,-38.55],[-62.62,-38.59],[-62.37,-38.42],[-62.11,-38.38],[-61.94,-38.42],[-61.93,-38.44],[-61.85,-38.46],[-61.78,-38.45],[-61.78,-38.44],[-61.77,-38.43],[-61.76,-38.42],[-61.74,-38.41],[-61.75,-38.39],[-61.75,-38.36],[-61.73,-38.34],[-61.72,-38.32],[-61.72,-38.31],[-61.71,-38.29],[-61.7,-38.28],[-61.71,-38.26],[-61.72,-38.25],[-61.73,-38.24],[-61.74,-38.22],[-61.76,-38.2],[-61.76,-38.19],[-61.77,-38.18],[-61.78,-38.16],[-61.78,-38.14],[-61.79,-38.14],[-61.8,-38.12],[-61.82,-38.1],[-61.83,-38.07],[-61.84,-38.06],[-61.85,-38.06],[-61.86,-38.04],[-61.88,-38.04],[-61.9,-38.02],[-61.93,-38.01],[-62.07,-37.96],[-62.08,-37.95]]]]}},{"type":"Feature","id":"137","properties":{"nombre":"Lezama"},"geometry":{"type":"MultiPolygon","coordinates":[[[[-57.86,-35.69],[-57.81,-35.72],[-57.76,-35.76],[-57.72,-35.77],[-57.68,-35.78],[-57.64,-35.78],[-57.61,-35.78],[-57.59,-35.79],[-57.55,-35.8],[-57.52,-35.81],[-57.49,-35.81],[-57.49,-35.82],[-57.51,-35.82],[-57.52,-35.83],[-57.54,-35.84],[-57.56,-35.84],[-57.57,-35.86],[-57.58,-35.84],[-57.6,-35.83],[-57.62,-35.83],[-57.65,-35.84],[-57.66,-35.85],[-57.68,-35.83],[-57.7,-35.84],[-57.71,-35.85],[-57.71,-35.87],[-57.73,-35.89],[-57.73,-35.91],[-57.73,-35.92],[-57.75,-35.92],[-57.78,-35.94],[-57.84,-35.95],[-57.88,-35.97],[-57.91,-35.98],[-57.95,-35.99],[-57.95,-36.02],[-57.97,-36.03],[-57.98,-36.02],[-58.0,-36.04],[-58.03,-36.03],[-58.03,-36.01],[-58.02,-35.99],[-58.01,-35.95],[-58.03,-35.95],[-58.05,-35.95],[-58.08,-35.95],[-58.09,-35.94],[-58.11,-35.93],[-58.13,-35.92],[-58.14,-35.9],[-58.15,-35.88],[-58.15,-35.86],[-58.16,-35.85],[-58.15,-35.82],[-58.1,-35.78],[-58.06,-35.77],[-58.02,-35.75],[-57.98,-35.76],[-57.94,-35.72],[-57.9,-35.69],[-57.87,-35.69],[-57.86,-35.69]]]]}},{"type":"Feature","id":"127","properties":{"nombre":"Tres Lomas"},"geometry":{"type":"MultiPolygon","coordinates":[[[[-62.94,-36.25],[-62.93,-36.26],[-62.89,-36.29],[-62.88,-36.3],[-62.87,-36.31],[-62.86,-36.31],[-62.83,-36.33],[-62.82,-36.34],[-62.81,-36.35],[-62.79,-36.37],[-62.73,-36.42],[-62.69,-36.45],[-62.64,-36.49],[-62.62,-36.51],[-62.61,-36.54],[-62.61,-36.56],[-62.61,-36.56],[-62.62,-36.57],[-62.64,-36.59],[-62.66,-36.6],[-62.68,-36.62],[-62.7,-36.63],[-62.71,-36.64],[-62.72,-36.65],[-62.73,-36.66],[-62.74,-36.67],[-62.74,-36.67],[-62.78,-36.7],[-62.79,-36.71],[-62.82,-36.73],[-62.83,-36.72],[-62.85,-36.7],[-62.87,-36.68],[-62.89,-36.67],[-62.91,-36.66],[-62.92,-36.65],[-62.93,-36.64],[-62.95,-36.62],[-62.97,-36.61],[-62.98,-36.6],[-62.99,-36.59],[-63.01,-36.57],[-63.04,-36.55],[-63.06,-36.54],[-63.08,-36.52],[-63.1,-36.5],[-63.11,-36.49],[-63.13,-36.48],[-63.06,-36.43],[-63.07,-36.4],[-63.04,-36.38],[-63.03,-36.37],[-63.04,-36.36],[-63.03,-36.35],[-63.02,-36.35],[-63.02,-36.34],[-63.02,-36.34],[-63.01,-36.33],[-63.0,-36.33],[-63.0,-36.33],[-62.98,-36.31],[-62.96,-36.3],[-62.98,-36.28],[-62.96,-36.26],[-62.94,-36.25]]]]}},{"type":"Feature","id":"108","properties":{"nombre":"Tres Arroyos"},"geometry":{"type":"MultiPolygon","coordinates":[[[[-60.68,-38.09],[-60.17,-38.17],[-59.88,-38.17],[-59.86,-38.19],[-59.85,-38.2],[-59.84,-38.22],[-59.83,-38.23],[-59.9,-38.42],[-59.73,-38.49],[-59.73,-38.51],[-59.73,-38.54],[-59.72,-38.56],[-59.71,-38.57],[-59.71,-38.6],[-59.7,-38.61],[-59.69,-38.63],[-59.7,-38.65],[-59.7,-38.66],[-59.68,-38.69],[-59.65,-38.73],[-59.63,-38.76],[-59.63,-38.79],[-59.71,-38.8],[-59.76,-38.82],[-59.79,-38.83],[-59.83,-38.83],[-59.86,-38.84],[-59.89,-38.84],[-59.92,-38.85],[-59.95,-38.85],[-59.98,-38.85],[-60.01,-38.86],[-60.04,-38.86],[-60.07,-38.86],[-60.1,-38.87],[-60.13,-38.87],[-60.16,-38.88],[-60.19,-38.88],[-60.22,-38.88],[-60.26,-38.89],[-60.3,-38.9],[-60.35,-38.91],[-60.39,-38.91],[-60.44,-38.92],[-60.48,-38.93],[-60.53,-38.87],[-60.55,-38.79],[-60.58,-38.71],[-60.59,-38.65],[-60.61,-38.59],[-60.6,-38.52],[-60.65,-38.45],[-60.73,-38.38],[-60.73,-38.31],[-60.75,-38.27],[-60.73,-38.22],[-60.73,-38.19],[-60.72,-38.16],[-60.73,-38.14],[-60.73,-38.12],[-60.7,-38.12],[-60.68,-38.09]]]]}},{"type":"Feature","id":"132","properties":{"nombre":"Jos\u00e9 C. Paz"},"geometry":{"type":"MultiPolygon","coordinates":[[[[-58.81,-34.48],[-58.81,-34.48],[-58.81,-34.48],[-58.81,-34.49],[-58.81,-34.49],[-58.81,-34.49],[-58.81,-34.49],[-58.81,-34.49],[-58.81,-34.49],[-58.81,-34.49],[-58.82,-34.49],[-58.82,-34.49],[-58.82,-34.49],[-58.82,-34.5],[-58.82,-34.5],[-58.82,-34.5],[-58.82,-34.5],[-58.82,-34.5],[-58.82,-34.51],[-58.81,-34.53],[-58.77,-34.55],[-58.74,-34.54],[-58.73,-34.51],[-58.77,-34.49],[-58.81,-34.46],[-58.82,-34.45],[-58.82,-34.45],[-58.82,-34.45],[-58.82,-34.45],[-58.82,-34.45],[-58.82,-34.45],[-58.82,-34.46],[-58.82,-34.46],[-58.82,-34.46],[-58.82,-34.46],[-58.82,-34.46],[-58.82,-34.46],[-58.82,-34.46],[-58.82,-34.46],[-58.82,-34.46],[-58.82,-34.46],[-58.82,-34.46],[-58.82,-34.46],[-58.82,-34.46],[-58.82,-34.46],[-58.82,-34.46],[-58.82,-34.46],[-58.82,-34.46],[-58.82,-34.46],[-58.82,-34.46],[-58.82,-34.46],[-58.81,-34.46],[-58.81,-34.46],[-58.81,-34.47],[-58.81,-34.47],[-58.81,-34.47],[-58.81,-34.47],[-58.81,-34.47],[-58.81,-34.47],[-58.81,-34.48],[-58.81,-34.48],[-58.81,-34.48]]]]}},{"type":"Feature","id":"314","properties":{"nombre":"Islas Campana"},"geometry":{"type":"MultiPolygon","coordinates":[[[[-58.9,-33.96],[-58.89,-33.96],[-58.87,-33.96],[-58.85,-33.96],[-58.84,-33.96],[-58.71,-33.99],[-58.71,-34.04],[-58.75,-34.06],[-58.79,-34.08],[-58.8,-34.08],[-58.79,-34.1],[-58.78,-34.11],[-58.76,-34.13],[-58.77,-34.14],[-58.75,-34.15],[-58.74,-34.17],[-58.72,-34.17],[-58.69,-34.17],[-58.69,-34.19],[-58.7,-34.2],[-58.71,-34.22],[-58.76,-34.24],[-58.8,-34.23],[-58.8,-34.24],[-58.8,-34.24],[-58.79,-34.25],[-58.79,-34.25],[-58.79,-34.26],[-58.78,-34.27],[-58.78,-34.27],[-58.78,-34.28],[-58.78,-34.28],[-58.78,-34.28],[-58.78,-34.29],[-58.79,-34.28],[-58.8,-34.28],[-58.8,-34.28],[-58.81,-34.28],[-58.82,-34.27],[-58.83,-34.27],[-58.84,-34.27],[-58.84,-34.27],[-58.85,-34.27],[-58.85,-34.26],[-58.86,-34.25],[-58.87,-34.23],[-58.88,-34.22],[-58.91,-34.2],[-58.92,-34.17],[-58.96,-34.15],[-58.97,-34.13],[-59.0,-34.1],[-58.98,-34.0],[-58.97,-33.96],[-58.96,-33.96],[-58.95,-33.96],[-58.94,-33.96],[-58.93,-33.96],[-58.93,-33.96],[-58.92,-33.96],[-58.92,-33.96],[-58.91,-33.96],[-58.9,-33.96]]]]}},{"type":"Feature","id":"113","properties":{"nombre":"Coronel Rosales"},"geometry":{"type":"MultiPolygon","coordinates":[[[[-61.74,-38.63],[-61.73,-38.64],[-61.73,-38.66],[-61.72,-38.68],[-61.73,-38.69],[-61.72,-38.7],[-61.72,-38.71],[-61.72,-38.73],[-61.72,-38.74],[-61.72,-38.76],[-61.71,-38.77],[-61.7,-38.78],[-61.69,-38.8],[-61.7,-38.81],[-61.69,-38.83],[-61.67,-38.84],[-61.66,-38.86],[-61.64,-38.86],[-61.63,-38.88],[-61.6,-38.88],[-61.58,-38.89],[-61.55,-38.9],[-61.53,-38.92],[-61.51,-38.92],[-61.5,-38.93],[-61.49,-38.94],[-61.48,-38.95],[-61.46,-38.96],[-61.47,-38.98],[-61.53,-39.0],[-61.64,-39.0],[-61.69,-38.97],[-61.76,-38.98],[-61.78,-38.99],[-61.8,-38.99],[-61.82,-38.99],[-61.84,-38.97],[-61.86,-38.97],[-61.9,-38.97],[-61.93,-38.96],[-61.95,-38.95],[-61.97,-38.95],[-61.99,-38.95],[-62.04,-38.93],[-62.06,-38.92],[-62.06,-38.91],[-62.04,-38.92],[-62.03,-38.91],[-62.05,-38.92],[-62.06,-38.91],[-62.07,-38.91],[-62.09,-38.9],[-62.1,-38.9],[-62.11,-38.89],[-62.11,-38.89],[-62.1,-38.88],[-62.11,-38.87],[-62.12,-38.85],[-62.14,-38.82],[-62.09,-38.75],[-61.85,-38.67],[-61.74,-38.63]]]]}},{"type":"Feature","id":"357","properties":{"nombre":"Islas Tigre"},"geometry":{"type":"MultiPolygon","coordinates":[[[[-58.65,-34.27],[-58.63,-34.27],[-58.62,-34.27],[-58.6,-34.28],[-58.55,-34.3],[-58.53,-34.3],[-58.51,-34.31],[-58.48,-34.32],[-58.46,-34.32],[-58.44,-34.3],[-58.44,-34.39],[-58.46,-34.41],[-58.48,-34.43],[-58.51,-34.44],[-58.52,-34.44],[-58.53,-34.44],[-58.54,-34.44],[-58.54,-34.43],[-58.55,-34.43],[-58.55,-34.43],[-58.56,-34.43],[-58.56,-34.42],[-58.56,-34.42],[-58.57,-34.42],[-58.57,-34.42],[-58.58,-34.42],[-58.58,-34.41],[-58.58,-34.41],[-58.59,-34.41],[-58.59,-34.41],[-58.6,-34.4],[-58.61,-34.4],[-58.62,-34.39],[-58.63,-34.38],[-58.64,-34.38],[-58.64,-34.38],[-58.64,-34.38],[-58.64,-34.38],[-58.65,-34.38],[-58.65,-34.38],[-58.65,-34.37],[-58.65,-34.37],[-58.66,-34.37],[-58.66,-34.37],[-58.66,-34.37],[-58.66,-34.37],[-58.66,-34.37],[-58.67,-34.36],[-58.67,-34.36],[-58.67,-34.36],[-58.67,-34.36],[-58.67,-34.36],[-58.67,-34.36],[-58.68,-34.36],[-58.68,-34.36],[-58.68,-34.36],[-58.68,-34.35],[-58.69,-34.35],[-58.68,-34.35],[-58.68,-34.35],[-58.68,-34.34],[-58.68,-34.34],[-58.68,-34.34],[-58.68,-34.33],[-58.67,-34.33],[-58.67,-34.33],[-58.67,-34.32],[-58.67,-34.32],[-58.67,-34.32],[-58.67,-34.31],[-58.67,-34.31],[-58.67,-34.31],[-58.66,-34.3],[-58.66,-34.3],[-58.66,-34.3],[-58.66,-34.29],[-58.66,-34.29],[-58.66,-34.29],[-58.66,-34.29],[-58.66,-34.28],[-58.66,-34.28],[-58.65,-34.27],[-58.65,-34.27],[-58.65,-34.27]]]]}},{"type":"Feature","id":"398","properties":{"nombre":"Islas de San Nicolas"},"geometry":{"type":"MultiPolygon","coordinates":[[[[-60.26,-33.27],[-60.25,-33.27],[-60.22,-33.29],[-60.22,-33.29],[-60.22,-33.29],[-60.21,-33.29],[-60.2,-33.3],[-60.2,-33.31],[-60.19,-33.31],[-60.19,-33.31],[-60.19,-33.32],[-60.19,-33.32],[-60.19,-33.33],[-60.19,-33.34],[-60.19,-33.34],[-60.2,-33.34],[-60.2,-33.33],[-60.2,-33.33],[-60.2,-33.33],[-60.21,-33.33],[-60.21,-33.33],[-60.21,-33.33],[-60.22,-33.32],[-60.22,-33.32],[-60.22,-33.32],[-60.22,-33.32],[-60.22,-33.32],[-60.22,-33.32],[-60.22,-33.32],[-60.22,-33.32],[-60.22,-33.32],[-60.22,-33.32],[-60.22,-33.32],[-60.22,-33.32],[-60.22,-33.31],[-60.22,-33.31],[-60.22,-33.31],[-60.22,-33.31],[-60.22,-33.31],[-60.22,-33.31],[-60.23,-33.31],[-60.23,-33.31],[-60.23,-33.31],[-60.23,-33.31],[-60.23,-33.31],[-60.23,-33.31],[-60.23,-33.31],[-60.23,-33.31],[-60.23,-33.31],[-60.23,-33.31],[-60.23,-33.31],[-60.23,-33.31],[-60.23,-33.31],[-60.23,-33.31],[-60.23,-33.31],[-60.23,-33.31],[-60.23,-33.31],[-60.23,-33.3],[-60.23,-33.3],[-60.23,-33.3],[-60.23,-33.3],[-60.23,-33.3],[-60.24,-33.3],[-60.24,-33.3],[-60.24,-33.29],[-60.24,-33.29],[-60.24,-33.29],[-60.24,-33.29],[-60.24,-33.29],[-60.24,-33.29],[-60.24,-33.29],[-60.24,-33.29],[-60.24,-33.29],[-60.24,-33.29],[-60.24,-33.29],[-60.25,-33.29],[-60.25,-33.28],[-60.25,-33.28],[-60.25,-33.28],[-60.25,-33.28],[-60.25,-33.28],[-60.25,-33.28],[-60.25,-33.28],[-60.25,-33.28],[-60.25,-33.28],[-60.25,-33.28],[-60.25,-33.28],[-60.25,-33.28],[-60.25,-33.28],[-60.25,-33.28],[-60.25,-33.27],[-60.25,-33.27],[-60.26,-33.27],[-60.26,-33.27]]]]}}]}